Physics,Maths,Chemistry,Biology,Entrance Test,Level,colleges
72,72,71,74,139,Diploma,B
69,90,68,88,137,Diploma,B
90,95,89,93,76,Commerce,B
47,57,46,44,177,Diploma,B
76,78,75,75,92,Commerce,B
71,83,70,78,134,Diploma,B
88,95,87,92,109,Arts,B
40,43,39,39,125,Diploma,B
64,64,63,67,119,Science,B
38,60,37,50,95,Diploma,B
58,54,57,52,173,Diploma,B
40,52,39,43,102,Diploma,B
65,81,64,73,153,Diploma,B
78,72,77,70,187,Diploma,B
50,53,49,58,171,Diploma,B
69,75,68,78,186,Commerce,B
88,89,87,86,66,Arts,B
18,32,17,28,183,Diploma,B
46,42,45,46,57,Diploma,B
54,58,53,61,92,Arts,B
66,69,65,63,168,Diploma,B
65,75,64,70,61,Diploma,B
44,54,43,53,90,Diploma,B
69,73,68,73,189,Arts,B
74,71,73,80,175,Diploma,B
73,74,72,72,166,Diploma,B
69,54,68,55,141,Diploma,B
67,69,66,75,76,Commerce,B
70,70,69,65,143,Diploma,B
62,70,61,75,80,Arts,B
69,74,68,74,152,Arts,B
63,65,62,61,118,Diploma,B
56,72,55,65,154,Diploma,B
40,42,39,38,78,Diploma,B
97,87,96,82,114,Diploma,B
81,81,80,79,143,Commerce,B
74,81,73,83,83,Arts,B
50,64,49,59,104,Diploma,B
75,90,74,88,108,Diploma,B
57,56,56,57,179,Diploma,B
55,61,54,54,87,Diploma,B
58,73,57,68,168,Diploma,B
53,58,52,65,59,Arts,B
59,65,58,66,113,Commerce,B
50,56,49,54,191,Diploma,B
65,54,64,57,94,Diploma,B
55,65,54,62,141,Diploma,B
66,71,65,76,98,Diploma,B
57,74,56,76,78,Diploma,B
82,84,81,82,67,Diploma,B
53,55,52,48,165,Science,B
77,69,76,68,119,Diploma,B
53,44,52,42,163,Commerce,B
88,78,87,75,90,Diploma,B
71,84,70,87,158,Diploma,B
33,41,32,43,131,Arts,B
82,85,81,86,65,Arts,B
52,55,51,49,79,Commerce,B
58,59,57,58,161,Commerce,B
0,17,-1,10,77,Diploma,B
79,74,78,72,71,Diploma,B
39,39,38,34,55,Arts,B
62,61,61,55,99,Diploma,B
69,80,68,71,169,Diploma,B
59,58,58,59,52,Diploma,B
67,64,66,61,58,Diploma,B
45,37,44,37,139,Arts,B
60,72,59,74,172,Diploma,B
61,58,60,56,100,Diploma,B
39,64,38,57,82,Diploma,B
58,63,57,73,185,Diploma,B
63,55,62,63,134,Arts,B
41,51,40,48,194,Diploma,B
61,57,60,56,125,Diploma,B
49,49,48,41,63,Arts,B
44,41,43,38,66,Diploma,B
30,26,29,22,158,Diploma,B
80,78,79,81,195,Diploma,B
61,74,60,72,147,Arts,B
62,68,61,68,120,Diploma,B
47,49,46,50,188,Science,B
49,45,48,45,110,Diploma,B
50,47,49,54,173,Arts,B
72,64,71,63,54,Arts,B
42,39,41,34,157,Diploma,B
73,80,72,82,124,Diploma,B
76,83,75,88,146,Diploma,B
71,71,70,74,198,Diploma,B
58,70,57,67,67,Arts,B
73,86,72,82,65,Diploma,B
65,72,64,74,138,Commerce,B
27,34,26,36,200,Arts,B
71,79,70,71,164,Diploma,B
43,45,42,50,117,Arts,B
79,86,78,92,105,Diploma,B
78,81,77,82,80,Arts,B
65,66,64,62,114,Commerce,B
63,72,62,70,79,Arts,B
58,67,57,62,170,Diploma,B
65,67,64,62,56,Arts,B
79,67,78,67,122,Diploma,B
68,74,67,74,165,Arts,B
85,91,84,89,58,Diploma,B
60,44,59,47,93,Arts,B
98,86,97,90,132,Arts,B
58,67,57,72,182,Diploma,B
87,100,86,100,78,Diploma,B
66,63,65,64,170,Arts,B
52,76,51,70,160,Diploma,B
70,64,69,72,182,Diploma,B
77,89,76,98,137,Diploma,B
62,55,61,49,123,Arts,B
54,53,53,47,161,Arts,B
51,58,50,54,137,Diploma,B
99,100,98,100,105,Diploma,B
84,77,83,74,104,Diploma,B
75,85,74,82,80,Diploma,B
78,82,77,79,107,Diploma,B
51,63,50,61,107,Arts,B
55,69,54,65,60,Commerce,B
79,92,78,89,55,Diploma,B
91,89,90,92,185,Science,B
88,93,87,93,190,Diploma,B
63,57,62,56,179,Diploma,B
83,80,82,73,167,Diploma,B
87,95,86,86,138,Commerce,B
72,68,71,67,87,Commerce,B
65,77,64,74,113,Science,B
82,82,81,74,135,Arts,B
51,49,50,51,174,Commerce,B
89,84,88,82,137,Arts,B
53,37,52,40,193,Diploma,B
87,74,86,70,196,Diploma,B
75,81,74,84,101,Diploma,B
74,79,73,75,159,Diploma,B
58,55,57,48,83,Diploma,B
51,54,50,41,164,Arts,B
70,55,69,56,186,Diploma,B
59,66,58,67,144,Diploma,B
71,61,70,69,195,Diploma,B
76,72,75,71,128,Arts,B
59,62,58,64,87,Arts,B
42,55,41,54,95,Diploma,B
57,43,56,47,141,Arts,B
88,73,87,78,145,Arts,B
22,39,21,33,96,Commerce,B
88,84,87,75,70,Arts,B
73,68,72,66,89,Commerce,B
68,75,67,81,166,Diploma,B
100,100,99,93,187,Arts,B
62,67,61,69,194,Arts,B
77,67,76,68,154,Diploma,B
59,70,58,66,51,Diploma,B
54,49,53,47,65,Arts,B
62,67,61,61,163,Diploma,B
70,89,69,88,69,Diploma,B
66,74,65,78,124,Commerce,B
60,60,59,60,189,Arts,B
61,86,60,87,97,Diploma,B
66,62,65,64,69,Arts,B
82,78,81,74,184,Diploma,B
75,88,74,85,169,Diploma,B
49,53,48,52,194,Arts,B
52,53,51,49,61,Diploma,B
81,92,80,91,129,Arts,B
96,100,95,100,104,Diploma,B
53,51,52,51,72,Diploma,B
58,76,57,78,174,Diploma,B
68,83,67,78,162,Diploma,B
67,75,66,70,82,Diploma,B
72,73,71,74,148,Arts,B
94,88,93,78,63,Diploma,B
79,86,78,81,187,Diploma,B
63,67,62,70,114,Diploma,B
43,51,42,54,196,Diploma,B
81,91,80,87,181,Diploma,B
46,54,45,58,136,Diploma,B
71,77,70,77,148,Diploma,B
52,70,51,62,78,Arts,B
97,100,96,100,108,Arts,B
62,68,61,75,142,Diploma,B
46,64,45,66,57,Diploma,B
50,50,49,47,183,Commerce,B
65,69,64,70,162,Arts,B
45,52,44,49,112,Commerce,B
65,67,64,65,145,Diploma,B
80,76,79,65,164,Diploma,B
62,66,61,68,137,Diploma,B
48,52,47,45,63,Arts,B
77,88,76,87,80,Diploma,B
66,65,65,69,124,Diploma,B
76,83,75,79,131,Arts,B
62,64,61,66,152,Diploma,B
77,62,76,62,114,Arts,B
69,84,68,85,178,Commerce,B
61,55,60,52,68,Diploma,B
59,69,58,65,76,Diploma,B
55,56,54,51,133,Diploma,B
45,53,44,55,104,Diploma,B
78,79,77,76,141,Diploma,B
67,84,66,86,147,Science,B
65,81,64,77,60,Commerce,B
69,77,68,69,71,Diploma,B
57,69,56,68,175,Diploma,B
59,41,58,42,178,Commerce,B
74,71,73,78,112,Diploma,B
82,62,81,62,103,Commerce,B
81,80,80,76,200,Diploma,B
74,81,73,76,111,Diploma,B
58,61,57,66,102,Arts,B
80,79,79,79,68,Science,B
35,28,34,27,57,Diploma,B
42,62,41,60,121,Diploma,B
60,51,59,56,90,Commerce,B
87,91,86,81,80,Diploma,B
84,83,83,75,138,Diploma,B
83,86,82,88,179,Diploma,B
34,42,33,39,179,Diploma,B
66,77,65,70,156,Diploma,B
61,56,60,56,93,Commerce,B
56,68,55,74,129,Diploma,B
87,85,86,73,161,Diploma,B
55,65,54,62,75,Diploma,B
86,80,85,75,128,Arts,B
52,66,51,73,172,Arts,B
45,56,44,54,88,Arts,B
72,72,71,71,106,Commerce,B
57,50,56,54,137,Diploma,B
68,72,67,64,127,Diploma,B
88,95,87,94,79,Diploma,B
76,64,75,66,110,Arts,B
46,43,45,42,90,Science,B
67,86,66,83,77,Diploma,B
92,87,91,78,155,Arts,B
83,82,82,84,182,Diploma,B
80,75,79,77,112,Diploma,B
63,66,62,67,196,Diploma,B
64,60,63,74,62,Diploma,B
54,52,53,51,153,Commerce,B
84,80,83,80,57,Diploma,B
73,68,72,66,152,Commerce,B
80,83,79,83,147,Diploma,B
56,52,55,55,50,Diploma,B
59,51,58,43,60,Diploma,B
75,74,74,69,198,Diploma,B
85,76,84,71,107,Arts,B
89,76,88,74,150,Arts,B
58,70,57,68,84,Diploma,B
65,64,64,62,61,Arts,B
68,60,67,53,92,Arts,B
47,49,46,49,73,Commerce,B
71,83,70,83,90,Diploma,B
60,70,59,70,118,Diploma,B
80,80,79,72,83,Diploma,B
54,52,53,52,85,Commerce,B
62,73,61,70,190,Diploma,B
64,73,63,68,169,Arts,B
78,77,77,77,102,Diploma,B
70,75,69,78,172,Diploma,B
65,81,64,81,123,Arts,B
64,79,63,77,87,Diploma,B
79,79,78,78,88,Diploma,B
44,50,43,51,156,Arts,B
99,93,98,90,89,Diploma,B
76,73,75,68,164,Arts,B
59,42,58,41,198,Science,B
63,75,62,81,164,Diploma,B
69,72,68,77,51,Diploma,B
88,92,87,95,189,Commerce,B
71,76,70,70,143,Diploma,B
69,63,68,61,68,Arts,B
58,49,57,42,101,Arts,B
47,53,46,58,133,Arts,B
65,70,64,71,182,Commerce,B
88,85,87,76,151,Commerce,B
83,78,82,73,169,Diploma,B
85,92,84,93,94,Diploma,B
59,63,58,75,56,Arts,B
65,86,64,80,148,Commerce,B
73,56,72,57,127,Arts,B
53,52,52,42,124,Diploma,B
45,48,44,46,144,Diploma,B
73,79,72,84,91,Diploma,B
70,78,69,78,50,Diploma,B
37,46,36,46,165,Arts,B
81,82,80,82,71,Diploma,B
97,82,96,88,140,Diploma,B
67,89,66,82,81,Diploma,B
88,75,87,76,64,Diploma,B
77,76,76,77,128,Arts,B
76,70,75,68,159,Diploma,B
86,73,85,70,194,Diploma,B
63,60,62,57,182,Science,B
65,73,64,75,146,Diploma,B
78,77,77,80,193,Diploma,B
67,62,66,60,94,Diploma,B
46,41,45,43,184,Commerce,B
71,74,70,68,158,Arts,B
40,46,39,50,132,Diploma,B
90,87,89,75,166,Commerce,B
81,78,80,81,101,Science,B
56,54,55,52,111,Diploma,B
67,84,66,81,129,Arts,B
80,76,79,64,110,Diploma,B
74,75,73,83,56,Diploma,B
69,67,68,69,95,Diploma,B
99,87,98,81,71,Diploma,B
51,52,50,44,170,Diploma,B
53,71,52,67,56,Arts,B
49,57,48,52,151,Arts,B
73,76,72,80,94,Arts,B
66,60,65,57,50,Diploma,B
67,61,66,68,93,Diploma,B
68,67,67,69,137,Diploma,B
59,64,58,75,130,Arts,B
71,66,70,65,154,Diploma,B
77,82,76,91,92,Diploma,B
83,72,82,78,129,Diploma,B
63,71,62,69,118,Diploma,B
56,65,55,63,51,Diploma,B
67,79,66,84,58,Arts,B
75,86,74,79,66,Diploma,B
71,81,70,80,135,Diploma,B
43,53,42,53,109,Diploma,B
41,46,40,43,121,Commerce,B
82,90,81,94,163,Diploma,B
61,61,60,62,197,Diploma,B
28,23,27,19,139,Arts,B
82,75,81,77,184,Diploma,B
41,55,40,51,123,Commerce,B
71,60,70,61,94,Diploma,B
47,37,46,35,189,Arts,B
62,56,61,53,101,Commerce,B
90,78,89,81,163,Diploma,B
83,93,82,95,132,Diploma,B
61,68,60,66,178,Arts,B
76,70,75,69,191,Arts,B
49,51,48,43,183,Arts,B
24,38,23,27,174,Diploma,B
35,55,34,60,64,Diploma,B
58,61,57,52,140,Arts,B
61,73,60,63,93,Diploma,B
69,76,68,74,173,Diploma,B
67,72,66,67,143,Arts,B
79,73,78,67,164,Science,B
72,80,71,75,60,Diploma,B
62,61,61,57,186,Diploma,B
77,94,76,95,182,Diploma,B
75,74,74,66,165,Diploma,B
87,74,86,76,172,Diploma,B
52,65,51,69,99,Diploma,B
66,57,65,52,154,Diploma,B
63,78,62,80,136,Diploma,B
46,58,45,57,152,Diploma,B
59,71,58,70,50,Arts,B
61,72,60,70,65,Arts,B
63,61,62,61,104,Diploma,B
42,66,41,69,133,Arts,B
59,62,58,61,135,Diploma,B
80,90,79,89,116,Diploma,B
58,62,57,59,105,Diploma,B
85,84,84,78,80,Diploma,B
52,58,51,58,85,Diploma,B
27,34,26,32,99,Arts,B
59,60,58,58,119,Diploma,B
49,58,48,60,107,Arts,B
69,58,68,53,144,Diploma,B
61,66,60,61,173,Diploma,B
44,64,43,58,125,Diploma,B
73,84,72,85,143,Diploma,B
84,77,83,71,89,Diploma,B
45,73,44,70,176,Diploma,B
74,74,73,72,52,Diploma,B
82,97,81,96,160,Arts,B
59,70,58,73,99,Arts,B
46,43,45,41,127,Arts,B
80,90,79,82,143,Diploma,B
85,95,84,100,131,Diploma,B
71,83,70,77,71,Diploma,B
66,64,65,62,196,Arts,B
80,86,79,83,87,Arts,B
87,100,86,95,197,Science,B
79,81,78,71,149,Diploma,B
38,49,37,45,73,Diploma,B
38,43,37,43,64,Diploma,B
67,76,66,75,99,Arts,B
64,73,63,70,95,Diploma,B
57,78,56,67,75,Arts,B
62,64,61,64,69,Arts,B
73,70,72,75,100,Diploma,B
73,67,72,59,188,Diploma,B
77,68,76,77,146,Arts,B
76,67,75,67,171,Diploma,B
57,54,56,56,190,Diploma,B
65,74,64,77,82,Arts,B
48,45,47,41,106,Diploma,B
50,67,49,63,123,Diploma,B
85,89,84,95,163,Diploma,B
74,63,73,57,102,Arts,B
60,59,59,54,69,Arts,B
59,54,58,67,100,Diploma,B
53,43,52,43,85,Diploma,B
49,65,48,55,70,Diploma,B
88,99,87,100,135,Diploma,B
54,59,53,62,118,Diploma,B
63,73,62,68,111,Commerce,B
65,65,64,63,64,Arts,B
82,80,81,77,177,Diploma,B
52,57,51,56,147,Arts,B
87,84,86,85,174,Arts,B
70,71,69,74,55,Arts,B
84,83,83,78,166,Arts,B
71,66,70,60,187,Diploma,B
63,67,62,67,181,Diploma,B
51,72,50,79,103,Commerce,B
84,73,83,69,86,Commerce,B
71,74,70,68,172,Commerce,B
74,73,73,67,98,Diploma,B
68,59,67,62,101,Diploma,B
57,56,56,54,154,Diploma,B
82,93,81,93,113,Diploma,B
57,58,56,64,166,Diploma,B
47,58,46,67,150,Arts,B
59,85,58,80,108,Arts,B
41,39,40,34,84,Diploma,B
62,67,61,62,139,Arts,B
86,83,85,86,132,Diploma,B
69,71,68,65,61,Arts,B
65,59,64,53,161,Diploma,B
68,63,67,54,114,Arts,B
64,66,63,59,64,Diploma,B
61,72,60,70,179,Arts,B
61,56,60,55,105,Arts,B
47,59,46,50,63,Diploma,B
73,66,72,66,93,Diploma,B
50,48,49,53,198,Diploma,B
75,68,74,64,117,Diploma,B
75,66,74,73,106,Commerce,B
70,56,69,51,51,Arts,B
89,88,88,82,199,Diploma,B
67,81,66,79,179,Diploma,B
78,81,77,80,124,Diploma,B
59,73,58,69,166,Commerce,B
73,83,72,76,72,Diploma,B
79,82,78,73,114,Diploma,B
67,74,66,77,52,Arts,B
69,66,68,60,78,Diploma,B
86,81,85,80,126,Arts,B
47,46,46,42,185,Diploma,B
81,73,80,72,185,Diploma,B
64,85,63,85,88,Diploma,B
100,92,99,97,164,Commerce,B
65,77,64,74,186,Commerce,B
65,58,64,49,117,Diploma,B
53,61,52,62,86,Arts,B
37,56,36,47,154,Arts,B
79,89,78,89,84,Arts,B
53,54,52,48,126,Commerce,B
100,100,99,100,165,Commerce,B
72,65,71,68,129,Arts,B
53,58,52,55,180,Commerce,B
54,54,53,45,130,Commerce,B
71,70,70,76,182,Diploma,B
77,90,76,91,90,Diploma,B
75,58,74,62,199,Arts,B
84,87,83,91,159,Diploma,B
26,31,25,38,164,Commerce,B
72,67,71,65,76,Diploma,B
77,88,76,85,194,Diploma,B
91,74,90,76,85,Diploma,B
83,85,82,90,110,Diploma,B
63,69,62,74,180,Diploma,B
68,86,67,84,135,Diploma,B
59,67,58,61,170,Arts,B
90,90,89,91,153,Diploma,B
71,76,70,83,181,Diploma,B
76,62,75,66,162,Diploma,B
80,68,79,72,50,Diploma,B
55,64,54,70,66,Commerce,B
76,71,75,67,179,Diploma,B
73,71,72,68,127,Commerce,B
52,59,51,56,165,Diploma,B
68,68,67,61,119,Diploma,B
59,52,58,46,148,Diploma,B
49,52,48,54,80,Diploma,B
70,74,69,71,119,Diploma,B
61,47,60,56,178,Diploma,B
60,75,59,74,150,Arts,B
64,53,63,57,78,Diploma,B
79,82,78,82,176,Arts,B
65,85,64,76,127,Diploma,B
64,64,63,70,70,Arts,B
83,83,82,90,194,Diploma,B
81,88,80,90,181,Science,B
54,64,53,68,149,Arts,B
68,64,67,66,70,Diploma,B
54,48,53,52,66,Diploma,B
59,78,58,76,159,Diploma,B
66,69,65,68,198,Diploma,B
76,71,75,72,176,Diploma,B
74,79,73,82,85,Arts,B
94,87,93,92,81,Diploma,B
63,61,62,54,178,Diploma,B
95,89,94,92,186,Diploma,B
40,59,39,54,82,Diploma,B
82,82,81,80,175,Arts,B
68,70,67,66,118,Diploma,B
55,59,54,54,143,Diploma,B
79,78,78,77,177,Arts,B
86,92,85,87,66,Diploma,B
76,71,75,73,106,Arts,B
64,50,63,43,116,Diploma,B
62,49,61,52,51,Diploma,B
54,61,53,62,162,Diploma,B
77,97,76,94,114,Commerce,B
76,87,75,85,156,Diploma,B
74,89,73,84,58,Diploma,B
66,74,65,73,85,Diploma,B
66,78,65,78,55,Diploma,B
67,78,66,79,120,Arts,B
71,49,70,52,88,Arts,B
91,86,90,84,74,Arts,B
69,58,68,57,69,Diploma,B
54,59,53,50,198,Diploma,B
53,52,52,49,110,Diploma,B
68,60,67,59,147,Diploma,B
56,61,55,60,160,Diploma,B
36,53,35,43,157,Diploma,B
29,41,28,47,70,Diploma,B
62,74,61,70,114,Commerce,B
68,67,67,73,131,Diploma,B
47,54,46,53,83,Arts,B
62,61,61,58,64,Diploma,B
79,88,78,94,159,Commerce,B
73,69,72,68,130,Commerce,B
66,83,65,83,123,Commerce,B
51,60,50,58,147,Diploma,B
51,66,50,62,143,Arts,B
85,66,84,71,91,Arts,B
97,92,96,86,89,Diploma,B
75,69,74,68,93,Commerce,B
79,82,78,80,190,Diploma,B
81,77,80,79,82,Diploma,B
82,95,81,89,155,Diploma,B
64,63,63,66,69,Arts,B
78,83,77,80,127,Diploma,B
92,100,91,97,199,Diploma,B
72,67,71,64,57,Diploma,B
62,67,61,64,186,Diploma,B
79,72,78,69,58,Diploma,B
79,76,78,65,134,Arts,B
87,90,86,88,77,Diploma,B
40,48,39,50,78,Diploma,B
77,62,76,64,193,Diploma,B
53,45,52,40,175,Diploma,B
32,39,31,33,183,Commerce,B
55,72,54,79,200,Commerce,B
61,67,60,66,98,Commerce,B
53,70,52,70,52,Diploma,B
73,66,72,62,129,Arts,B
74,75,73,79,70,Diploma,B
63,74,62,74,79,Diploma,B
96,90,95,92,52,Diploma,B
63,80,62,80,56,Diploma,B
48,51,47,46,175,Science,B
48,43,47,45,131,Arts,B
92,100,91,100,189,Arts,B
61,71,60,78,164,Arts,B
63,48,62,47,76,Diploma,B
68,68,67,67,113,Science,B
71,75,70,70,168,Diploma,B
91,96,90,92,142,Diploma,B
53,62,52,56,189,Diploma,B
50,66,49,64,103,Arts,B
74,81,73,71,96,Commerce,B
40,55,39,53,53,Diploma,B
61,51,60,52,93,Diploma,B
81,91,80,89,95,Science,B
48,56,47,58,91,Diploma,B
53,61,52,68,97,Diploma,B
81,97,80,96,52,Arts,B
77,79,76,80,179,Diploma,B
63,73,62,78,146,Arts,B
73,75,72,80,79,Diploma,B
69,77,68,77,92,Arts,B
65,76,64,76,82,Diploma,B
55,73,54,73,189,Diploma,B
44,63,43,62,64,Arts,B
54,64,53,65,164,Diploma,B
48,66,47,65,181,Diploma,B
58,57,57,54,89,Diploma,B
71,62,70,50,123,Diploma,B
68,68,67,64,136,Diploma,B
74,76,73,73,173,Diploma,B
92,100,91,99,91,Diploma,B
56,79,55,72,60,Science,B
30,24,29,15,197,Diploma,B
53,54,52,48,53,Arts,B
69,77,68,73,60,Arts,B
65,82,64,81,140,Arts,B
54,60,53,63,97,Arts,B
29,29,28,30,84,Diploma,B
76,78,75,80,162,Diploma,B
60,57,59,51,131,Arts,B
84,89,83,90,151,Diploma,B
75,72,74,62,191,Commerce,B
85,84,84,82,115,Diploma,B
40,58,39,54,75,Arts,B
61,64,60,62,79,Diploma,B
58,63,57,65,192,Diploma,B
69,60,68,63,70,Arts,B
58,59,57,66,139,Diploma,B
94,90,93,91,121,Diploma,B
65,77,64,74,89,Diploma,B
82,93,81,93,140,Arts,B
60,68,59,72,109,Arts,B
37,45,36,38,141,Diploma,B
88,78,87,83,105,Diploma,B
95,81,94,84,194,Diploma,B
65,73,64,68,71,Diploma,B
35,61,34,54,104,Commerce,B
62,63,61,56,160,Arts,B
58,51,57,52,103,Diploma,B
100,96,99,86,160,Diploma,B
61,58,60,62,117,Diploma,B
100,97,99,99,108,Arts,B
69,70,68,63,124,Diploma,B
61,48,60,46,175,Diploma,B
49,57,48,46,128,Diploma,B
44,51,43,55,171,Diploma,B
67,64,66,70,177,Diploma,B
79,60,78,65,178,Science,B
66,74,65,81,75,Arts,B
75,88,74,85,141,Diploma,B
84,84,83,80,111,Arts,B
71,74,70,64,174,Diploma,B
67,80,66,81,91,Diploma,B
80,92,79,88,129,Diploma,B
86,76,85,74,60,Diploma,B
76,74,75,73,66,Diploma,B
41,52,40,51,127,Commerce,B
74,88,73,90,135,Arts,B
72,81,71,79,196,Diploma,B
74,79,73,80,90,Diploma,B
70,65,69,60,53,Arts,B
65,81,64,81,119,Diploma,B
59,70,58,65,127,Diploma,B
64,62,63,68,115,Arts,B
50,53,49,55,74,Diploma,B
69,79,68,81,120,Arts,B
51,56,50,53,192,Diploma,B
68,80,67,76,189,Arts,B
85,86,84,98,154,Diploma,B
65,70,64,74,73,Diploma,B
73,79,72,79,116,Diploma,B
62,67,61,67,147,Diploma,B
77,67,76,64,92,Diploma,B
69,66,68,61,112,Arts,B
43,60,42,58,132,Diploma,B
90,87,89,85,191,Diploma,B
74,77,73,73,70,Arts,B
73,66,72,63,89,Diploma,B
55,71,54,69,162,Arts,B
65,69,64,67,105,Arts,B
80,63,79,63,54,Commerce,B
50,60,49,60,112,Diploma,B
63,73,62,71,124,Diploma,B
77,85,76,87,71,Diploma,B
73,74,72,61,72,Commerce,B
81,72,80,77,135,Diploma,B
66,76,65,68,170,Diploma,B
52,57,51,50,148,Diploma,B
69,78,68,76,197,Diploma,B
65,84,64,84,77,Diploma,B
69,77,68,78,85,Arts,B
50,64,49,66,159,Arts,B
73,78,72,76,74,Arts,B
70,82,69,76,86,Diploma,B
81,75,80,78,71,Arts,B
63,61,62,60,180,Diploma,B
67,72,66,74,103,Arts,B
60,68,59,60,104,Commerce,B
62,55,61,54,82,Diploma,B
29,40,28,44,112,Arts,B
62,66,61,68,122,Diploma,B
94,99,93,100,198,Diploma,B
85,75,84,68,74,Diploma,B
77,78,76,73,154,Diploma,B
53,58,52,44,82,Diploma,B
93,90,92,83,190,Diploma,B
49,53,48,53,125,Commerce,B
73,76,72,78,144,Diploma,B
66,74,65,81,82,Diploma,B
77,77,76,73,141,Commerce,B
49,63,48,56,97,Diploma,B
79,89,78,86,88,Diploma,B
75,82,74,90,81,Arts,B
59,72,58,70,189,Diploma,B
57,78,56,79,113,Diploma,B
66,66,65,59,52,Diploma,B
79,81,78,82,118,Diploma,B
57,67,56,72,66,Diploma,B
87,84,86,87,109,Diploma,B
63,64,62,67,73,Arts,B
59,63,58,64,174,Diploma,B
62,72,61,65,74,Diploma,B
46,34,45,36,92,Diploma,B
66,59,65,52,200,Diploma,B
89,87,88,79,64,Diploma,B
42,61,41,58,124,Arts,B
93,84,92,90,74,Diploma,B
80,85,79,85,97,Diploma,B
98,100,97,99,72,Diploma,B
81,81,80,84,177,Diploma,B
60,70,59,74,120,Commerce,B
76,94,75,87,55,Diploma,B
73,78,72,72,176,Arts,B
96,96,95,99,61,Diploma,B
76,76,75,74,185,Diploma,B
91,73,90,80,173,Arts,B
62,72,61,70,197,Diploma,B
55,59,54,59,77,Diploma,B
74,90,73,88,121,Diploma,B
50,48,49,42,101,Arts,B
47,43,46,41,114,Diploma,B
81,74,80,71,134,Diploma,B
65,75,64,77,106,Diploma,B
68,51,67,57,54,Arts,B
73,92,72,84,166,Arts,B
53,39,52,37,197,Diploma,B
68,77,67,80,142,Diploma,B
55,46,54,43,133,Diploma,B
87,89,86,94,98,Science,B
55,47,54,44,147,Diploma,B
53,58,52,57,97,Arts,B
67,57,66,59,51,Arts,B
92,79,91,84,194,Commerce,B
53,66,52,73,104,Diploma,B
81,71,80,73,191,Arts,B
61,60,60,55,72,Arts,B
80,73,79,72,113,Diploma,B
37,57,36,56,134,Diploma,B
81,84,80,82,53,Arts,B
59,73,58,72,159,Diploma,B
55,55,54,47,181,Science,B
72,79,71,74,117,Diploma,B
69,75,68,71,197,Diploma,B
69,64,68,68,59,Arts,B
50,60,49,59,62,Diploma,B
87,84,86,86,165,Diploma,B
71,69,70,68,131,Commerce,B
68,72,67,65,107,Diploma,B
79,77,78,75,90,Arts,B
77,90,76,85,134,Diploma,B
58,55,57,53,133,Diploma,B
84,95,83,92,50,Arts,B
55,58,54,52,50,Diploma,B
70,68,69,72,107,Commerce,B
52,59,51,65,51,Diploma,B
69,77,68,77,146,Diploma,B
53,72,52,64,121,Diploma,B
48,58,47,54,93,Diploma,B
78,81,77,86,165,Diploma,B
62,62,61,63,190,Arts,B
60,63,59,59,73,Diploma,B
74,72,73,72,53,Arts,B
58,75,57,77,176,Diploma,B
76,62,75,60,163,Diploma,B
68,71,67,75,162,Arts,B
58,60,57,57,128,Diploma,B
52,48,51,49,51,Diploma,B
75,73,74,74,64,Diploma,B
52,67,51,72,108,Diploma,B
62,78,61,79,74,Arts,B
66,65,65,60,68,Diploma,B
49,58,48,55,160,Diploma,B
66,72,65,70,154,Diploma,B
35,44,34,43,92,Diploma,B
72,79,71,82,62,Diploma,B
94,85,93,82,71,Commerce,B
46,56,45,57,55,Commerce,B
77,90,76,84,151,Diploma,B
76,85,75,82,194,Arts,B
52,59,51,62,128,Arts,B
91,81,90,79,95,Arts,B
32,51,31,44,67,Arts,B
72,79,71,77,130,Arts,B
19,38,18,32,143,Diploma,B
68,65,67,61,163,Arts,B
52,65,51,61,75,Science,B
48,62,47,60,113,Diploma,B
60,66,59,70,61,Diploma,B
66,74,65,69,85,Science,B
89,84,88,77,147,Arts,B
42,52,41,51,114,Diploma,B
57,68,56,73,142,Science,B
70,70,69,70,52,Commerce,B
70,84,69,81,150,Science,B
69,60,68,54,143,Diploma,B
52,55,51,57,113,Diploma,B
67,73,66,68,158,Arts,B
76,80,75,73,88,Commerce,B
87,94,86,95,192,Diploma,B
82,85,81,87,192,Diploma,B
73,76,72,78,198,Arts,B
75,81,74,74,98,Diploma,B
64,74,63,75,184,Commerce,B
41,45,40,40,156,Diploma,B
90,75,89,69,161,Diploma,B
59,54,58,51,163,Arts,B
51,31,50,36,56,Diploma,B
45,47,44,49,160,Arts,B
54,64,53,67,53,Arts,B
87,84,86,76,193,Diploma,B
72,80,71,83,194,Diploma,B
94,86,93,87,190,Arts,B
45,59,44,64,123,Commerce,B
61,70,60,76,70,Diploma,B
60,72,59,68,178,Arts,B
77,91,76,88,194,Diploma,B
85,90,84,92,104,Diploma,B
78,90,77,93,197,Diploma,B
49,52,48,51,97,Arts,B
71,87,70,82,133,Diploma,B
48,58,47,52,78,Arts,B
62,67,61,58,71,Diploma,B
56,68,55,70,176,Arts,B
65,69,64,76,194,Diploma,B
69,86,68,81,165,Diploma,B
68,54,67,53,166,Arts,B
61,60,60,57,191,Commerce,B
74,86,73,89,97,Arts,B
64,60,63,58,133,Diploma,B
77,82,76,89,119,Diploma,B
58,50,57,45,185,Diploma,B
60,64,59,74,133,Arts,B
73,64,72,57,124,Arts,B
75,82,74,79,154,Arts,B
58,57,57,53,166,Diploma,B
66,77,65,73,81,Diploma,B
39,52,38,46,157,Arts,B
64,58,63,51,87,Diploma,B
23,44,22,36,124,Diploma,B
74,77,73,76,67,Diploma,B
40,65,39,64,179,Arts,B
90,85,89,84,162,Diploma,B
91,85,90,85,170,Arts,B
64,54,63,50,101,Diploma,B
59,72,58,68,161,Commerce,B
80,75,79,69,59,Diploma,B
71,67,70,67,85,Commerce,B
61,68,60,63,59,Diploma,B
87,85,86,93,126,Commerce,B
82,67,81,61,160,Diploma,B
62,64,61,55,55,Diploma,B
97,97,96,96,175,Science,B
75,68,74,65,99,Arts,B
65,79,64,81,92,Arts,B
52,49,51,46,145,Diploma,B
87,73,86,72,195,Diploma,B
53,62,52,53,158,Diploma,B
81,86,80,87,112,Arts,B
39,42,38,38,69,Arts,B
71,71,70,80,57,Diploma,B
97,93,96,91,146,Diploma,B
82,82,81,88,194,Diploma,B
59,53,58,52,107,Arts,B
61,42,60,41,165,Diploma,B
78,74,77,72,139,Arts,B
49,51,48,51,53,Arts,B
59,58,58,47,54,Diploma,B
70,72,69,76,82,Diploma,B
82,84,81,78,186,Diploma,B
90,90,89,82,126,Commerce,B
43,62,42,61,125,Diploma,B
80,64,79,66,138,Arts,B
81,82,80,84,145,Diploma,B
57,61,56,54,149,Diploma,B
59,72,58,80,130,Diploma,B
64,76,63,74,156,Arts,B
63,64,62,66,126,Diploma,B
71,70,70,70,145,Commerce,B
64,73,63,71,160,Diploma,B
55,46,54,44,74,Diploma,B
51,51,50,54,123,Arts,B
62,76,61,80,121,Commerce,B
93,100,92,95,65,Arts,B
54,72,53,59,163,Commerce,B
69,65,68,74,164,Diploma,B
44,51,43,48,149,Diploma,B
86,85,85,91,141,Diploma,B
85,92,84,85,134,Diploma,B
50,67,49,73,106,Diploma,B
88,74,87,75,197,Arts,B
59,62,58,69,187,Diploma,B
32,34,31,38,119,Arts,B
36,29,35,27,139,Arts,B
63,78,62,79,177,Commerce,B
67,54,66,63,189,Diploma,B
65,78,64,82,104,Diploma,B
85,84,84,89,200,Commerce,B
73,78,72,74,51,Diploma,B
34,48,33,41,146,Commerce,B
93,100,92,100,60,Commerce,B
67,84,66,84,61,Arts,B
88,77,87,77,152,Diploma,B
57,48,56,51,185,Diploma,B
79,84,78,91,135,Diploma,B
67,75,66,72,199,Diploma,B
70,64,69,70,193,Arts,B
50,42,49,48,99,Arts,B
69,84,68,82,88,Diploma,B
52,61,51,66,200,Arts,B
47,62,46,66,121,Arts,B
46,61,45,55,72,Commerce,B
68,70,67,66,91,Arts,B
100,100,99,100,132,Diploma,B
44,61,43,52,138,Diploma,B
57,77,56,80,67,Diploma,B
91,96,90,91,194,Arts,B
69,70,68,67,122,Arts,B
35,53,34,46,187,Arts,B
72,66,71,66,143,Arts,B
54,65,53,65,86,Arts,B
74,70,73,69,168,Commerce,B
74,64,73,60,56,Diploma,B
64,56,63,52,164,Commerce,B
65,61,64,71,194,Diploma,B
46,43,45,44,99,Arts,B
48,56,47,51,117,Diploma,B
67,74,66,70,99,Diploma,B
62,57,61,62,162,Arts,B
61,71,60,73,77,Diploma,B
70,75,69,74,154,Diploma,B
98,87,97,90,110,Arts,B
70,63,69,58,140,Diploma,B
67,57,66,53,155,Diploma,B
57,58,56,57,59,Diploma,B
85,81,84,85,126,Commerce,B
77,68,76,69,64,Arts,B
72,66,71,72,139,Commerce,B
78,91,77,96,159,Arts,B
81,66,80,64,59,Diploma,B
61,62,60,61,151,Diploma,B
58,68,57,61,144,Diploma,B
54,61,53,58,97,Diploma,B
82,82,81,80,134,Diploma,B
49,58,48,60,81,Diploma,B
49,50,48,52,64,Arts,B
57,75,56,73,133,Diploma,B
94,73,93,71,128,Diploma,B
75,77,74,83,100,Diploma,B
74,74,73,72,145,Arts,B
58,52,57,54,155,Arts,B
62,69,61,69,118,Diploma,B
72,57,71,62,110,Diploma,B
84,87,83,81,77,Arts,B
92,100,91,100,115,Arts,B
45,63,44,59,56,Diploma,B
75,81,74,71,178,Diploma,B
56,58,55,64,162,Diploma,B
48,54,47,53,63,Diploma,B
100,100,99,100,56,Diploma,B
65,76,64,75,109,Arts,B
72,57,71,58,200,Diploma,B
62,70,61,72,97,Diploma,B
66,68,65,64,55,Diploma,B
63,63,62,60,112,Diploma,B
68,76,67,67,124,Arts,B
75,84,74,80,142,Arts,B
89,100,88,100,100,Diploma,B
78,72,77,69,190,Diploma,B
53,50,52,60,101,Diploma,B
49,65,48,61,185,Arts,B
54,63,53,67,85,Diploma,B
64,82,63,77,63,Diploma,B
60,62,59,60,68,Diploma,B
62,65,61,58,138,Diploma,B
55,41,54,48,108,Arts,B
91,95,90,94,69,Arts,B
8,24,7,23,178,Arts,B
81,78,80,78,164,Science,B
79,85,78,86,136,Commerce,B
78,87,77,91,64,Diploma,B
74,75,73,82,108,Arts,B
57,51,56,54,81,Diploma,B
40,59,39,51,198,Arts,B
81,75,80,76,195,Commerce,B
44,45,43,45,134,Arts,B
67,86,66,83,68,Diploma,B
86,81,85,75,123,Arts,B
65,82,64,78,166,Arts,B
55,76,54,76,140,Diploma,B
62,72,61,74,178,Diploma,B
63,63,62,62,173,Diploma,B
88,99,87,95,64,Diploma,B
62,55,61,55,112,Commerce,B
59,71,58,65,146,Diploma,B
68,78,67,77,167,Commerce,B
77,86,76,86,57,Arts,B
72,72,71,74,70,Diploma,B
69,90,68,88,100,Diploma,B
90,95,89,93,178,Arts,B
47,57,46,44,100,Diploma,B
76,78,75,75,61,Diploma,B
71,83,70,78,51,Diploma,B
88,95,87,92,132,Diploma,B
40,43,39,39,91,Diploma,B
64,64,63,67,159,Arts,B
38,60,37,50,89,Arts,B
58,54,57,52,176,Commerce,B
40,52,39,43,109,Arts,B
65,81,64,73,126,Diploma,B
78,72,77,70,132,Diploma,B
50,53,49,58,94,Commerce,B
69,75,68,78,107,Commerce,B
88,89,87,86,175,Arts,B
18,32,17,28,100,Arts,B
46,42,45,46,140,Commerce,B
54,58,53,61,176,Commerce,B
66,69,65,63,189,Arts,B
65,75,64,70,164,Arts,B
44,54,43,53,91,Arts,B
69,73,68,73,195,Diploma,B
74,71,73,80,130,Diploma,B
73,74,72,72,64,Diploma,B
69,54,68,55,54,Commerce,B
67,69,66,75,89,Diploma,B
70,70,69,65,191,Arts,B
62,70,61,75,176,Arts,B
69,74,68,74,156,Arts,B
63,65,62,61,147,Diploma,B
56,72,55,65,128,Arts,B
40,42,39,38,193,Commerce,B
97,87,96,82,115,Diploma,B
81,81,80,79,73,Diploma,B
74,81,73,83,138,Commerce,B
50,64,49,59,144,Arts,B
75,90,74,88,101,Arts,B
57,56,56,57,114,Diploma,B
55,61,54,54,91,Arts,B
58,73,57,68,130,Commerce,B
53,58,52,65,105,Arts,B
59,65,58,66,132,Diploma,B
50,56,49,54,119,Diploma,B
65,54,64,57,128,Diploma,B
55,65,54,62,176,Diploma,B
66,71,65,76,100,Diploma,B
57,74,56,76,168,Diploma,B
82,84,81,82,57,Diploma,B
53,55,52,48,50,Arts,B
77,69,76,68,102,Arts,B
53,44,52,42,194,Arts,B
88,78,87,75,97,Arts,B
71,84,70,87,159,Diploma,B
33,41,32,43,82,Diploma,B
82,85,81,86,87,Diploma,B
52,55,51,49,187,Arts,B
58,59,57,58,53,Arts,B
0,17,-1,10,77,Arts,B
79,74,78,72,62,Arts,B
39,39,38,34,86,Arts,B
62,61,61,55,112,Science,B
69,80,68,71,110,Arts,B
59,58,58,59,166,Diploma,B
67,64,66,61,85,Science,B
45,37,44,37,186,Arts,B
60,72,59,74,86,Diploma,B
61,58,60,56,85,Diploma,B
39,64,38,57,91,Arts,B
58,63,57,73,84,Arts,B
63,55,62,63,88,Arts,B
41,51,40,48,50,Diploma,B
61,57,60,56,73,Diploma,B
49,49,48,41,159,Commerce,B
44,41,43,38,142,Arts,B
30,26,29,22,119,Diploma,B
80,78,79,81,53,Diploma,B
61,74,60,72,100,Commerce,B
62,68,61,68,59,Arts,B
47,49,46,50,144,Diploma,B
49,45,48,45,169,Commerce,B
50,47,49,54,91,Diploma,B
72,64,71,63,57,Diploma,B
42,39,41,34,51,Diploma,B
73,80,72,82,152,Commerce,B
76,83,75,88,140,Diploma,B
71,71,70,74,63,Arts,B
58,70,57,67,132,Diploma,B
73,86,72,82,154,Arts,B
65,72,64,74,96,Arts,B
27,34,26,36,143,Diploma,B
71,79,70,71,119,Arts,B
43,45,42,50,126,Diploma,B
79,86,78,92,57,Arts,B
78,81,77,82,70,Arts,B
65,66,64,62,95,Diploma,B
63,72,62,70,125,Diploma,B
58,67,57,62,101,Diploma,B
65,67,64,62,196,Arts,B
79,67,78,67,56,Diploma,B
68,74,67,74,176,Commerce,B
85,91,84,89,71,Arts,B
60,44,59,47,178,Diploma,B
98,86,97,90,98,Diploma,B
58,67,57,72,191,Arts,B
87,100,86,100,120,Diploma,B
66,63,65,64,106,Diploma,B
52,76,51,70,101,Diploma,B
70,64,69,72,126,Commerce,B
77,89,76,98,199,Arts,B
62,55,61,49,162,Commerce,B
54,53,53,47,135,Diploma,B
51,58,50,54,155,Arts,B
99,100,98,100,59,Diploma,B
84,77,83,74,119,Diploma,B
75,85,74,82,164,Diploma,B
78,82,77,79,151,Diploma,B
51,63,50,61,90,Arts,B
55,69,54,65,58,Commerce,B
79,92,78,89,53,Diploma,B
91,89,90,92,197,Diploma,B
88,93,87,93,84,Arts,B
63,57,62,56,98,Diploma,B
83,80,82,73,103,Diploma,B
87,95,86,86,100,Diploma,B
72,68,71,67,192,Diploma,B
65,77,64,74,127,Diploma,B
82,82,81,74,194,Diploma,B
51,49,50,51,134,Science,B
89,84,88,82,200,Diploma,B
53,37,52,40,73,Arts,B
87,74,86,70,173,Diploma,B
75,81,74,84,81,Diploma,B
74,79,73,75,58,Diploma,B
58,55,57,48,62,Diploma,B
51,54,50,41,113,Diploma,B
70,55,69,56,173,Diploma,B
59,66,58,67,107,Diploma,B
71,61,70,69,106,Diploma,B
76,72,75,71,97,Diploma,B
59,62,58,64,93,Arts,B
42,55,41,54,181,Commerce,B
57,43,56,47,199,Diploma,B
88,73,87,78,58,Commerce,B
22,39,21,33,52,Diploma,B
88,84,87,75,104,Diploma,B
73,68,72,66,131,Arts,B
68,75,67,81,135,Arts,B
100,100,99,93,57,Science,B
62,67,61,69,190,Arts,B
77,67,76,68,129,Diploma,B
59,70,58,66,55,Diploma,B
54,49,53,47,135,Arts,B
62,67,61,61,97,Diploma,B
70,89,69,88,198,Diploma,B
66,74,65,78,112,Diploma,B
60,60,59,60,107,Diploma,B
61,86,60,87,168,Arts,B
66,62,65,64,129,Diploma,B
82,78,81,74,148,Diploma,B
75,88,74,85,120,Arts,B
49,53,48,52,54,Diploma,B
52,53,51,49,115,Arts,B
81,92,80,91,61,Diploma,B
96,100,95,100,88,Diploma,B
53,51,52,51,117,Arts,B
58,76,57,78,176,Arts,B
68,83,67,78,196,Diploma,B
67,75,66,70,132,Diploma,B
72,73,71,74,58,Diploma,B
94,88,93,78,134,Arts,B
79,86,78,81,54,Arts,B
63,67,62,70,186,Commerce,B
43,51,42,54,130,Commerce,B
81,91,80,87,97,Arts,B
46,54,45,58,114,Diploma,B
71,77,70,77,176,Arts,B
52,70,51,62,120,Diploma,B
97,100,96,100,159,Arts,B
62,68,61,75,179,Arts,B
46,64,45,66,58,Diploma,B
50,50,49,47,115,Arts,B
65,69,64,70,161,Arts,B
45,52,44,49,179,Diploma,B
65,67,64,65,101,Commerce,B
80,76,79,65,63,Arts,B
62,66,61,68,164,Arts,B
48,52,47,45,58,Commerce,B
77,88,76,87,194,Arts,B
66,65,65,69,195,Diploma,B
76,83,75,79,77,Diploma,B
62,64,61,66,67,Arts,B
77,62,76,62,54,Diploma,B
69,84,68,85,118,Commerce,B
61,55,60,52,107,Arts,C
59,69,58,65,109,Diploma,C
55,56,54,51,149,Diploma,C
45,53,44,55,181,Diploma,C
78,79,77,76,92,Diploma,C
67,84,66,86,188,Diploma,C
65,81,64,77,85,Arts,C
69,77,68,69,82,Diploma,C
57,69,56,68,108,Commerce,C
59,41,58,42,113,Diploma,C
74,71,73,78,94,Diploma,C
82,62,81,62,125,Commerce,C
81,80,80,76,136,Diploma,C
74,81,73,76,150,Diploma,C
58,61,57,66,131,Arts,C
80,79,79,79,187,Arts,C
35,28,34,27,57,Arts,C
42,62,41,60,65,Arts,C
60,51,59,56,74,Diploma,C
87,91,86,81,80,Diploma,C
84,83,83,75,85,Diploma,C
83,86,82,88,116,Diploma,C
34,42,33,39,91,Diploma,C
66,77,65,70,190,Arts,C
61,56,60,56,134,Arts,C
56,68,55,74,72,Diploma,C
87,85,86,73,65,Diploma,C
55,65,54,62,136,Arts,C
86,80,85,75,181,Arts,C
52,66,51,73,83,Arts,C
45,56,44,54,170,Diploma,C
72,72,71,71,52,Arts,C
57,50,56,54,191,Diploma,C
68,72,67,64,130,Commerce,C
88,95,87,94,163,Diploma,C
76,64,75,66,127,Arts,C
46,43,45,42,78,Diploma,C
67,86,66,83,92,Science,C
92,87,91,78,135,Arts,C
83,82,82,84,177,Arts,C
80,75,79,77,172,Arts,C
63,66,62,67,63,Arts,C
64,60,63,74,190,Arts,C
54,52,53,51,141,Arts,C
84,80,83,80,190,Arts,C
73,68,72,66,137,Arts,C
80,83,79,83,169,Arts,C
56,52,55,55,139,Arts,C
59,51,58,43,191,Arts,C
75,74,74,69,184,Arts,C
85,76,84,71,98,Arts,C
89,76,88,74,104,Diploma,C
58,70,57,68,194,Diploma,C
65,64,64,62,104,Diploma,C
68,60,67,53,125,Arts,C
47,49,46,49,105,Arts,C
71,83,70,83,135,Diploma,C
60,70,59,70,52,Commerce,C
80,80,79,72,54,Arts,C
54,52,53,52,196,Commerce,C
62,73,61,70,162,Diploma,C
64,73,63,68,92,Arts,C
78,77,77,77,189,Arts,C
70,75,69,78,71,Arts,C
65,81,64,81,79,Diploma,C
64,79,63,77,185,Diploma,C
79,79,78,78,155,Diploma,C
44,50,43,51,103,Arts,C
99,93,98,90,150,Arts,C
76,73,75,68,81,Arts,C
59,42,58,41,91,Diploma,C
63,75,62,81,88,Arts,C
69,72,68,77,51,Arts,C
88,92,87,95,93,Arts,C
71,76,70,70,143,Diploma,C
69,63,68,61,132,Diploma,C
58,49,57,42,186,Diploma,C
47,53,46,58,126,Commerce,C
65,70,64,71,82,Diploma,C
88,85,87,76,90,Arts,C
83,78,82,73,175,Diploma,C
85,92,84,93,174,Diploma,C
59,63,58,75,170,Diploma,C
65,86,64,80,147,Diploma,C
73,56,72,57,199,Diploma,C
53,52,52,42,151,Arts,C
45,48,44,46,174,Arts,C
73,79,72,84,122,Diploma,C
70,78,69,78,80,Diploma,C
37,46,36,46,150,Arts,C
81,82,80,82,97,Arts,C
97,82,96,88,72,Diploma,C
67,89,66,82,171,Arts,C
88,75,87,76,163,Arts,C
77,76,76,77,70,Diploma,C
76,70,75,68,149,Diploma,C
86,73,85,70,67,Arts,C
63,60,62,57,131,Diploma,C
65,73,64,75,192,Arts,C
78,77,77,80,88,Diploma,C
67,62,66,60,103,Arts,C
46,41,45,43,169,Diploma,C
71,74,70,68,113,Diploma,C
40,46,39,50,161,Arts,C
90,87,89,75,101,Diploma,C
81,78,80,81,178,Arts,C
56,54,55,52,106,Arts,C
67,84,66,81,151,Arts,C
80,76,79,64,72,Diploma,C
74,75,73,83,121,Diploma,C
69,67,68,69,74,Arts,C
99,87,98,81,58,Commerce,C
51,52,50,44,65,Diploma,C
53,71,52,67,122,Diploma,C
49,57,48,52,84,Diploma,C
73,76,72,80,95,Diploma,C
66,60,65,57,161,Arts,C
67,61,66,68,86,Arts,C
68,67,67,69,86,Arts,C
59,64,58,75,79,Diploma,C
71,66,70,65,114,Arts,C
77,82,76,91,50,Diploma,C
83,72,82,78,170,Diploma,C
63,71,62,69,93,Commerce,C
56,65,55,63,141,Diploma,C
67,79,66,84,51,Arts,C
75,86,74,79,183,Diploma,C
71,81,70,80,122,Diploma,C
43,53,42,53,132,Arts,C
41,46,40,43,131,Arts,C
82,90,81,94,53,Arts,C
61,61,60,62,101,Arts,C
28,23,27,19,58,Diploma,C
82,75,81,77,113,Arts,C
41,55,40,51,163,Arts,C
71,60,70,61,69,Diploma,C
47,37,46,35,177,Diploma,C
62,56,61,53,187,Arts,C
90,78,89,81,197,Arts,C
83,93,82,95,77,Arts,C
61,68,60,66,195,Arts,C
76,70,75,69,164,Diploma,C
49,51,48,43,193,Diploma,C
24,38,23,27,53,Arts,C
35,55,34,60,200,Diploma,C
58,61,57,52,135,Diploma,C
61,73,60,63,67,Diploma,C
69,76,68,74,136,Commerce,C
67,72,66,67,61,Diploma,C
79,73,78,67,112,Diploma,C
72,80,71,75,185,Commerce,C
62,61,61,57,79,Arts,C
77,94,76,95,176,Arts,C
75,74,74,66,129,Science,C
87,74,86,76,135,Diploma,C
52,65,51,69,92,Arts,C
66,57,65,52,185,Diploma,C
63,78,62,80,134,Arts,C
46,58,45,57,86,Arts,C
59,71,58,70,159,Commerce,C
61,72,60,70,55,Arts,C
63,61,62,61,84,Arts,C
42,66,41,69,191,Arts,C
59,62,58,61,52,Arts,C
80,90,79,89,50,Diploma,C
58,62,57,59,74,Diploma,C
85,84,84,78,168,Diploma,C
52,58,51,58,99,Diploma,C
27,34,26,32,101,Diploma,C
59,60,58,58,106,Arts,C
49,58,48,60,165,Arts,C
69,58,68,53,131,Diploma,C
61,66,60,61,165,Diploma,C
44,64,43,58,127,Diploma,C
73,84,72,85,149,Arts,C
84,77,83,71,179,Arts,C
45,73,44,70,174,Diploma,C
74,74,73,72,117,Diploma,C
82,97,81,96,160,Diploma,C
59,70,58,73,105,Diploma,C
46,43,45,41,125,Arts,C
80,90,79,82,108,Arts,C
85,95,84,100,67,Diploma,C
71,83,70,77,165,Diploma,C
66,64,65,62,112,Diploma,C
80,86,79,83,110,Commerce,C
87,100,86,95,137,Commerce,C
79,81,78,71,128,Arts,C
38,49,37,45,156,Arts,C
38,43,37,43,106,Arts,C
67,76,66,75,92,Science,C
64,73,63,70,126,Arts,C
57,78,56,67,110,Arts,C
62,64,61,64,196,Diploma,C
73,70,72,75,165,Diploma,C
73,67,72,59,74,Diploma,C
77,68,76,77,98,Diploma,C
76,67,75,67,144,Commerce,C
57,54,56,56,111,Diploma,C
65,74,64,77,197,Diploma,C
48,45,47,41,80,Commerce,C
50,67,49,63,116,Arts,C
85,89,84,95,120,Diploma,C
74,63,73,57,153,Arts,C
60,59,59,54,200,Commerce,C
59,54,58,67,98,Arts,C
53,43,52,43,87,Arts,C
49,65,48,55,92,Arts,C
88,99,87,100,127,Diploma,C
54,59,53,62,52,Diploma,C
63,73,62,68,126,Arts,C
65,65,64,63,89,Arts,C
82,80,81,77,58,Diploma,C
52,57,51,56,90,Diploma,C
87,84,86,85,184,Arts,C
70,71,69,74,165,Diploma,C
84,83,83,78,168,Arts,C
71,66,70,60,81,Arts,C
63,67,62,67,197,Arts,C
51,72,50,79,157,Arts,C
84,73,83,69,163,Diploma,C
71,74,70,68,84,Arts,C
74,73,73,67,127,Arts,C
68,59,67,62,198,Arts,C
57,56,56,54,121,Arts,C
82,93,81,93,196,Diploma,C
57,58,56,64,150,Diploma,C
47,58,46,67,151,Diploma,C
59,85,58,80,142,Diploma,C
41,39,40,34,184,Diploma,C
62,67,61,62,92,Diploma,C
86,83,85,86,106,Diploma,C
69,71,68,65,54,Diploma,C
65,59,64,53,135,Diploma,C
68,63,67,54,89,Arts,C
64,66,63,59,124,Diploma,C
61,72,60,70,54,Arts,C
61,56,60,55,187,Arts,C
47,59,46,50,121,Diploma,C
73,66,72,66,56,Diploma,C
50,48,49,53,188,Arts,C
75,68,74,64,123,Diploma,C
75,66,74,73,141,Commerce,C
70,56,69,51,111,Diploma,C
89,88,88,82,135,Arts,C
67,81,66,79,157,Diploma,C
78,81,77,80,94,Commerce,C
59,73,58,69,192,Diploma,C
73,83,72,76,200,Diploma,C
79,82,78,73,68,Commerce,C
67,74,66,77,54,Arts,C
69,66,68,60,87,Diploma,C
86,81,85,80,92,Commerce,C
47,46,46,42,112,Commerce,C
81,73,80,72,162,Diploma,C
64,85,63,85,113,Diploma,C
100,92,99,97,186,Diploma,C
65,77,64,74,182,Diploma,C
65,58,64,49,130,Diploma,C
53,61,52,62,86,Arts,C
37,56,36,47,145,Diploma,C
79,89,78,89,192,Diploma,C
53,54,52,48,79,Arts,C
100,100,99,100,72,Arts,C
72,65,71,68,109,Arts,C
53,58,52,55,58,Diploma,C
54,54,53,45,66,Diploma,C
71,70,70,76,81,Diploma,C
77,90,76,91,195,Arts,C
75,58,74,62,60,Arts,C
84,87,83,91,83,Arts,C
26,31,25,38,120,Diploma,C
72,67,71,65,195,Arts,C
77,88,76,85,91,Arts,C
91,74,90,76,138,Arts,C
83,85,82,90,117,Arts,C
63,69,62,74,181,Arts,C
68,86,67,84,58,Arts,C
59,67,58,61,128,Arts,C
90,90,89,91,199,Arts,C
71,76,70,83,171,Arts,C
76,62,75,66,170,Arts,C
80,68,79,72,135,Arts,C
55,64,54,70,146,Arts,C
76,71,75,67,111,Arts,C
73,71,72,68,158,Arts,C
52,59,51,56,188,Commerce,C
68,68,67,61,156,Arts,C
59,52,58,46,184,Arts,C
49,52,48,54,102,Arts,C
70,74,69,71,51,Diploma,C
61,47,60,56,184,Diploma,C
60,75,59,74,78,Diploma,C
64,53,63,57,192,Diploma,C
79,82,78,82,56,Diploma,C
65,85,64,76,126,Arts,C
64,64,63,70,94,Diploma,C
83,83,82,90,122,Arts,C
81,88,80,90,111,Diploma,C
54,64,53,68,108,Commerce,C
68,64,67,66,148,Diploma,C
54,48,53,52,168,Diploma,C
59,78,58,76,190,Arts,C
66,69,65,68,78,Arts,C
76,71,75,72,186,Diploma,C
74,79,73,82,138,Diploma,C
94,87,93,92,131,Arts,C
63,61,62,54,158,Diploma,C
95,89,94,92,176,Diploma,C
40,59,39,54,127,Diploma,C
82,82,81,80,192,Commerce,C
68,70,67,66,169,Diploma,C
55,59,54,54,172,Diploma,C
79,78,78,77,114,Arts,C
86,92,85,87,114,Diploma,C
76,71,75,73,151,Diploma,C
64,50,63,43,186,Commerce,C
62,49,61,52,154,Commerce,C
54,61,53,62,68,Diploma,C
77,97,76,94,67,Arts,C
76,87,75,85,88,Arts,C
74,89,73,84,194,Diploma,C
66,74,65,73,140,Arts,C
66,78,65,78,167,Diploma,C
67,78,66,79,138,Commerce,C
71,49,70,52,151,Arts,C
91,86,90,84,133,Diploma,C
69,58,68,57,137,Arts,C
54,59,53,50,101,Diploma,C
53,52,52,49,134,Arts,C
68,60,67,59,83,Arts,C
56,61,55,60,102,Diploma,C
36,53,35,43,53,Arts,C
29,41,28,47,51,Arts,C
62,74,61,70,114,Arts,C
68,67,67,73,65,Diploma,C
47,54,46,53,88,Diploma,C
62,61,61,58,89,Arts,C
79,88,78,94,144,Diploma,C
73,69,72,68,118,Diploma,C
66,83,65,83,148,Diploma,C
51,60,50,58,101,Diploma,C
51,66,50,62,107,Arts,C
85,66,84,71,99,Commerce,C
97,92,96,86,186,Arts,C
75,69,74,68,134,Arts,C
79,82,78,80,64,Arts,C
81,77,80,79,50,Arts,C
82,95,81,89,190,Arts,C
64,63,63,66,188,Diploma,C
78,83,77,80,104,Arts,C
92,100,91,97,160,Arts,C
72,67,71,64,130,Diploma,C
62,67,61,64,150,Diploma,C
79,72,78,69,127,Arts,C
79,76,78,65,118,Commerce,C
87,90,86,88,97,Diploma,C
40,48,39,50,59,Diploma,C
77,62,76,64,164,Arts,C
53,45,52,40,133,Diploma,C
32,39,31,33,95,Arts,C
55,72,54,79,165,Commerce,C
61,67,60,66,188,Arts,C
53,70,52,70,102,Commerce,C
73,66,72,62,174,Science,C
74,75,73,79,61,Diploma,C
63,74,62,74,191,Diploma,C
96,90,95,92,175,Arts,C
63,80,62,80,196,Diploma,C
48,51,47,46,155,Commerce,C
48,43,47,45,135,Arts,C
92,100,91,100,140,Arts,C
61,71,60,78,195,Diploma,C
63,48,62,47,77,Arts,C
68,68,67,67,66,Commerce,C
71,75,70,70,185,Commerce,C
91,96,90,92,52,Diploma,C
53,62,52,56,70,Diploma,C
50,66,49,64,107,Commerce,C
74,81,73,71,147,Diploma,C
40,55,39,53,196,Diploma,C
61,51,60,52,170,Diploma,C
81,91,80,89,57,Diploma,C
48,56,47,58,169,Diploma,C
53,61,52,68,150,Diploma,C
81,97,80,96,72,Arts,C
77,79,76,80,182,Diploma,C
63,73,62,78,93,Diploma,C
73,75,72,80,167,Diploma,C
69,77,68,77,162,Diploma,C
65,76,64,76,115,Arts,C
55,73,54,73,129,Diploma,C
44,63,43,62,82,Commerce,C
54,64,53,65,76,Diploma,C
48,66,47,65,117,Diploma,C
58,57,57,54,81,Diploma,C
71,62,70,50,134,Diploma,C
68,68,67,64,172,Commerce,C
74,76,73,73,171,Arts,C
92,100,91,99,114,Arts,C
56,79,55,72,139,Commerce,C
30,24,29,15,165,Diploma,C
53,54,52,48,84,Commerce,C
69,77,68,73,106,Arts,C
65,82,64,81,81,Arts,C
54,60,53,63,149,Arts,C
29,29,28,30,142,Diploma,C
76,78,75,80,95,Arts,C
60,57,59,51,199,Arts,C
84,89,83,90,57,Arts,C
75,72,74,62,65,Diploma,C
85,84,84,82,183,Arts,C
40,58,39,54,92,Diploma,C
61,64,60,62,189,Arts,C
58,63,57,65,179,Commerce,C
69,60,68,63,167,Arts,C
58,59,57,66,189,Diploma,C
94,90,93,91,144,Commerce,C
65,77,64,74,142,Diploma,C
82,93,81,93,150,Diploma,C
60,68,59,72,66,Arts,C
37,45,36,38,123,Arts,C
88,78,87,83,112,Commerce,C
95,81,94,84,147,Arts,C
65,73,64,68,123,Arts,C
35,61,34,54,125,Diploma,C
62,63,61,56,133,Diploma,C
58,51,57,52,83,Diploma,C
100,96,99,86,107,Diploma,C
61,58,60,62,59,Diploma,C
100,97,99,99,56,Diploma,C
69,70,68,63,177,Diploma,C
61,48,60,46,193,Arts,C
49,57,48,46,194,Diploma,C
44,51,43,55,167,Science,C
67,64,66,70,116,Arts,C
79,60,78,65,189,Diploma,C
66,74,65,81,89,Diploma,C
75,88,74,85,71,Diploma,C
84,84,83,80,151,Diploma,C
71,74,70,64,90,Arts,C
67,80,66,81,157,Arts,C
80,92,79,88,127,Commerce,C
86,76,85,74,77,Diploma,C
76,74,75,73,140,Arts,C
41,52,40,51,146,Diploma,C
74,88,73,90,111,Arts,C
72,81,71,79,161,Diploma,C
74,79,73,80,92,Commerce,C
70,65,69,60,83,Diploma,C
65,81,64,81,50,Diploma,C
59,70,58,65,82,Diploma,C
64,62,63,68,59,Diploma,C
50,53,49,55,146,Arts,C
69,79,68,81,200,Diploma,C
51,56,50,53,146,Diploma,C
68,80,67,76,96,Diploma,C
85,86,84,98,170,Diploma,C
65,70,64,74,148,Diploma,C
73,79,72,79,139,Arts,C
62,67,61,67,90,Commerce,C
77,67,76,64,78,Diploma,C
69,66,68,61,189,Arts,C
43,60,42,58,193,Arts,C
90,87,89,85,56,Diploma,C
74,77,73,73,103,Diploma,C
73,66,72,63,56,Arts,C
55,71,54,69,63,Arts,C
65,69,64,67,181,Diploma,C
80,63,79,63,157,Arts,C
50,60,49,60,118,Diploma,C
63,73,62,71,72,Arts,C
77,85,76,87,74,Arts,C
73,74,72,61,137,Arts,C
81,72,80,77,156,Diploma,C
66,76,65,68,179,Arts,C
52,57,51,50,123,Diploma,C
69,78,68,76,83,Diploma,C
65,84,64,84,53,Arts,C
69,77,68,78,147,Diploma,C
50,64,49,66,169,Arts,C
73,78,72,76,87,Arts,C
70,82,69,76,128,Arts,C
81,75,80,78,179,Arts,C
63,61,62,60,137,Diploma,C
67,72,66,74,73,Diploma,C
60,68,59,60,190,Diploma,C
62,55,61,54,119,Diploma,C
29,40,28,44,70,Diploma,C
62,66,61,68,97,Diploma,C
94,99,93,100,93,Arts,C
85,75,84,68,173,Diploma,C
77,78,76,73,59,Diploma,C
53,58,52,44,66,Diploma,C
93,90,92,83,95,Arts,C
49,53,48,53,116,Arts,C
73,76,72,78,109,Arts,C
66,74,65,81,182,Diploma,C
77,77,76,73,102,Arts,C
49,63,48,56,144,Diploma,C
79,89,78,86,177,Diploma,C
75,82,74,90,57,Diploma,C
59,72,58,70,147,Arts,C
57,78,56,79,128,Diploma,C
66,66,65,59,62,Arts,C
79,81,78,82,125,Diploma,C
57,67,56,72,59,Diploma,C
87,84,86,87,78,Arts,C
63,64,62,67,183,Diploma,C
59,63,58,64,124,Diploma,C
62,72,61,65,124,Diploma,C
46,34,45,36,197,Diploma,C
66,59,65,52,137,Arts,C
89,87,88,79,185,Diploma,C
42,61,41,58,125,Diploma,C
93,84,92,90,118,Diploma,C
80,85,79,85,175,Commerce,C
98,100,97,99,94,Diploma,C
81,81,80,84,134,Arts,C
60,70,59,74,162,Commerce,C
76,94,75,87,73,Diploma,C
73,78,72,72,72,Arts,C
96,96,95,99,83,Commerce,C
76,76,75,74,191,Commerce,C
91,73,90,80,155,Diploma,C
62,72,61,70,111,Diploma,C
55,59,54,59,90,Diploma,C
74,90,73,88,134,Diploma,C
50,48,49,42,124,Arts,C
47,43,46,41,163,Diploma,C
81,74,80,71,64,Diploma,C
65,75,64,77,190,Diploma,C
68,51,67,57,140,Commerce,C
73,92,72,84,110,Arts,C
53,39,52,37,171,Arts,C
68,77,67,80,81,Diploma,C
55,46,54,43,100,Diploma,C
87,89,86,94,79,Diploma,C
55,47,54,44,79,Arts,C
53,58,52,57,161,Diploma,C
67,57,66,59,101,Arts,C
92,79,91,84,115,Diploma,C
53,66,52,73,84,Arts,C
81,71,80,73,111,Diploma,C
61,60,60,55,91,Commerce,C
80,73,79,72,134,Commerce,C
37,57,36,56,192,Diploma,C
81,84,80,82,60,Diploma,C
59,73,58,72,183,Arts,C
55,55,54,47,78,Commerce,C
72,79,71,74,104,Diploma,C
69,75,68,71,71,Arts,C
69,64,68,68,178,Commerce,C
50,60,49,59,197,Diploma,C
87,84,86,86,72,Diploma,C
71,69,70,68,142,Diploma,C
68,72,67,65,171,Arts,C
79,77,78,75,191,Arts,C
77,90,76,85,179,Arts,C
58,55,57,53,165,Diploma,C
84,95,83,92,136,Arts,C
55,58,54,52,58,Diploma,C
70,68,69,72,118,Arts,C
52,59,51,65,113,Diploma,C
69,77,68,77,144,Diploma,C
53,72,52,64,177,Diploma,C
48,58,47,54,83,Arts,C
78,81,77,86,129,Diploma,C
62,62,61,63,59,Diploma,C
60,63,59,59,74,Diploma,C
74,72,73,72,62,Arts,C
58,75,57,77,137,Commerce,C
76,62,75,60,180,Diploma,C
68,71,67,75,163,Diploma,C
58,60,57,57,184,Diploma,C
52,48,51,49,96,Arts,C
75,73,74,74,170,Commerce,C
52,67,51,72,161,Arts,C
62,78,61,79,55,Diploma,C
66,65,65,60,51,Diploma,C
49,58,48,55,118,Diploma,C
66,72,65,70,54,Diploma,C
35,44,34,43,161,Diploma,C
72,79,71,82,76,Arts,C
94,85,93,82,67,Diploma,C
46,56,45,57,113,Diploma,C
77,90,76,84,137,Diploma,C
76,85,75,82,142,Diploma,C
52,59,51,62,52,Arts,C
91,81,90,79,101,Arts,C
32,51,31,44,121,Arts,C
72,79,71,77,170,Diploma,C
19,38,18,32,127,Diploma,C
68,65,67,61,98,Arts,C
52,65,51,61,78,Diploma,C
48,62,47,60,155,Commerce,C
60,66,59,70,75,Diploma,C
66,74,65,69,196,Diploma,C
89,84,88,77,94,Diploma,C
42,52,41,51,128,Arts,C
57,68,56,73,97,Diploma,C
70,70,69,70,154,Arts,C
70,84,69,81,99,Arts,C
69,60,68,54,176,Arts,D
52,55,51,57,84,Diploma,D
67,73,66,68,162,Arts,D
76,80,75,73,139,Arts,D
87,94,86,95,107,Arts,D
82,85,81,87,189,Commerce,D
73,76,72,78,167,Diploma,D
75,81,74,74,134,Diploma,D
64,74,63,75,80,Diploma,D
41,45,40,40,89,Diploma,D
90,75,89,69,182,Commerce,D
59,54,58,51,121,Arts,D
51,31,50,36,154,Diploma,D
45,47,44,49,193,Arts,D
54,64,53,67,172,Arts,D
87,84,86,76,146,Commerce,D
72,80,71,83,156,Diploma,D
94,86,93,87,199,Arts,D
45,59,44,64,149,Arts,D
61,70,60,76,165,Arts,D
60,72,59,68,59,Diploma,D
77,91,76,88,184,Diploma,D
85,90,84,92,99,Arts,D
78,90,77,93,100,Arts,D
49,52,48,51,50,Diploma,D
71,87,70,82,157,Arts,D
48,58,47,52,149,Arts,D
62,67,61,58,167,Arts,D
56,68,55,70,154,Arts,D
65,69,64,76,106,Diploma,D
69,86,68,81,59,Arts,D
68,54,67,53,146,Diploma,D
61,60,60,57,116,Diploma,D
74,86,73,89,79,Arts,D
64,60,63,58,85,Diploma,D
77,82,76,89,132,Diploma,D
58,50,57,45,147,Arts,D
60,64,59,74,75,Arts,D
73,64,72,57,121,Arts,D
75,82,74,79,56,Diploma,D
58,57,57,53,102,Arts,D
66,77,65,73,192,Arts,D
39,52,38,46,142,Arts,D
64,58,63,51,186,Diploma,D
23,44,22,36,141,Diploma,D
74,77,73,76,132,Diploma,D
40,65,39,64,108,Diploma,D
90,85,89,84,94,Arts,D
91,85,90,85,101,Arts,D
64,54,63,50,68,Arts,D
59,72,58,68,150,Diploma,D
80,75,79,69,148,Diploma,D
71,67,70,67,181,Arts,D
61,68,60,63,136,Commerce,D
87,85,86,93,156,Arts,D
82,67,81,61,166,Arts,D
62,64,61,55,80,Diploma,D
97,97,96,96,129,Arts,D
75,68,74,65,69,Commerce,D
65,79,64,81,181,Arts,D
52,49,51,46,98,Diploma,D
87,73,86,72,189,Arts,D
53,62,52,53,174,Arts,D
81,86,80,87,116,Commerce,D
39,42,38,38,179,Diploma,D
71,71,70,80,148,Arts,D
97,93,96,91,189,Diploma,D
82,82,81,88,194,Diploma,D
59,53,58,52,155,Commerce,D
61,42,60,41,138,Diploma,D
78,74,77,72,188,Diploma,D
49,51,48,51,66,Diploma,D
59,58,58,47,191,Arts,D
70,72,69,76,195,Commerce,D
82,84,81,78,151,Diploma,D
90,90,89,82,142,Arts,D
43,62,42,61,106,Diploma,D
80,64,79,66,88,Diploma,D
81,82,80,84,142,Diploma,D
57,61,56,54,170,Commerce,D
59,72,58,80,71,Arts,D
64,76,63,74,167,Diploma,D
63,64,62,66,92,Arts,D
71,70,70,70,65,Arts,D
64,73,63,71,113,Arts,D
55,46,54,44,175,Diploma,D
51,51,50,54,75,Commerce,D
62,76,61,80,94,Arts,D
93,100,92,95,142,Diploma,D
54,72,53,59,180,Arts,D
69,65,68,74,159,Diploma,D
44,51,43,48,122,Arts,D
86,85,85,91,180,Diploma,D
85,92,84,85,148,Arts,D
50,67,49,73,100,Diploma,D
88,74,87,75,89,Arts,D
59,62,58,69,106,Diploma,D
32,34,31,38,96,Arts,D
36,29,35,27,114,Arts,D
63,78,62,79,116,Commerce,D
67,54,66,63,111,Arts,D
65,78,64,82,132,Arts,D
85,84,84,89,141,Arts,D
73,78,72,74,198,Arts,D
34,48,33,41,102,Diploma,D
93,100,92,100,82,Arts,D
67,84,66,84,177,Diploma,D
88,77,87,77,62,Commerce,D
57,48,56,51,123,Diploma,D
79,84,78,91,127,Diploma,D
67,75,66,72,64,Diploma,D
70,64,69,70,60,Arts,D
50,42,49,48,66,Arts,D
69,84,68,82,146,Diploma,D
52,61,51,66,84,Commerce,D
47,62,46,66,60,Diploma,D
46,61,45,55,180,Diploma,D
68,70,67,66,179,Arts,D
100,100,99,100,52,Arts,D
44,61,43,52,159,Diploma,D
57,77,56,80,70,Arts,D
91,96,90,91,179,Arts,D
69,70,68,67,192,Arts,D
35,53,34,46,97,Diploma,D
72,66,71,66,127,Commerce,D
54,65,53,65,198,Arts,D
74,70,73,69,197,Arts,D
74,64,73,60,134,Arts,D
64,56,63,52,85,Arts,D
65,61,64,71,122,Diploma,D
46,43,45,44,186,Arts,D
48,56,47,51,156,Arts,D
67,74,66,70,102,Diploma,D
62,57,61,62,117,Commerce,D
61,71,60,73,112,Diploma,D
70,75,69,74,113,Diploma,D
98,87,97,90,147,Diploma,D
70,63,69,58,91,Diploma,D
67,57,66,53,110,Diploma,D
57,58,56,57,120,Diploma,D
85,81,84,85,101,Arts,D
77,68,76,69,57,Diploma,D
72,66,71,72,191,Arts,D
78,91,77,96,75,Diploma,D
81,66,80,64,157,Diploma,D
61,62,60,61,93,Diploma,D
58,68,57,61,103,Science,D
54,61,53,58,142,Arts,D
82,82,81,80,113,Arts,D
49,58,48,60,110,Diploma,D
49,50,48,52,198,Diploma,D
57,75,56,73,88,Diploma,D
94,73,93,71,82,Commerce,D
75,77,74,83,194,Arts,D
74,74,73,72,101,Arts,D
58,52,57,54,148,Diploma,D
62,69,61,69,135,Arts,D
72,57,71,62,187,Diploma,D
84,87,83,81,185,Arts,D
92,100,91,100,168,Commerce,D
45,63,44,59,135,Diploma,D
75,81,74,71,90,Arts,D
56,58,55,64,65,Arts,D
48,54,47,53,164,Arts,D
100,100,99,100,149,Arts,D
65,76,64,75,145,Diploma,D
72,57,71,58,168,Diploma,D
62,70,61,72,108,Commerce,D
66,68,65,64,96,Arts,D
63,63,62,60,54,Arts,D
68,76,67,67,143,Arts,D
75,84,74,80,75,Arts,D
89,100,88,100,103,Arts,D
78,72,77,69,71,Arts,D
53,50,52,60,138,Diploma,D
49,65,48,61,190,Commerce,D
54,63,53,67,61,Diploma,D
64,82,63,77,174,Arts,D
60,62,59,60,88,Arts,D
62,65,61,58,185,Arts,D
55,41,54,48,54,Diploma,D
91,95,90,94,62,Diploma,D
8,24,7,23,85,Diploma,D
81,78,80,78,156,Commerce,D
79,85,78,86,55,Diploma,D
78,87,77,91,94,Commerce,D
74,75,73,82,72,Diploma,D
57,51,56,54,192,Science,D
40,59,39,51,103,Diploma,D
81,75,80,76,87,Diploma,D
44,45,43,45,112,Arts,D
67,86,66,83,132,Diploma,D
86,81,85,75,156,Arts,D
65,82,64,78,134,Diploma,D
55,76,54,76,134,Diploma,D
62,72,61,74,118,Arts,D
63,63,62,62,156,Commerce,D
88,99,87,95,151,Diploma,D
62,55,61,55,71,Arts,D
59,71,58,65,147,Arts,D
68,78,67,77,115,Diploma,D
77,86,76,86,76,Arts,D
72,72,71,74,159,Diploma,D
69,90,68,88,158,Arts,D
90,95,89,93,60,Diploma,D
47,57,46,44,179,Diploma,D
76,78,75,75,176,Arts,D
71,83,70,78,50,Arts,D
88,95,87,92,173,Arts,D
40,43,39,39,69,Arts,D
64,64,63,67,60,Arts,D
38,60,37,50,72,Arts,D
58,54,57,52,76,Commerce,D
40,52,39,43,195,Diploma,D
65,81,64,73,90,Diploma,D
78,72,77,70,83,Arts,D
50,53,49,58,165,Arts,D
69,75,68,78,151,Commerce,D
88,89,87,86,82,Diploma,D
18,32,17,28,185,Arts,D
46,42,45,46,86,Arts,D
54,58,53,61,140,Commerce,D
66,69,65,63,127,Arts,D
65,75,64,70,182,Commerce,D
44,54,43,53,152,Diploma,D
69,73,68,73,153,Commerce,D
74,71,73,80,117,Diploma,D
73,74,72,72,171,Diploma,D
69,54,68,55,140,Arts,D
67,69,66,75,149,Arts,D
70,70,69,65,97,Diploma,D
62,70,61,75,94,Diploma,D
69,74,68,74,117,Diploma,D
63,65,62,61,136,Commerce,D
56,72,55,65,97,Commerce,D
40,42,39,38,199,Arts,D
97,87,96,82,168,Commerce,D
81,81,80,79,131,Arts,D
74,81,73,83,184,Diploma,D
50,64,49,59,170,Diploma,D
75,90,74,88,58,Diploma,D
57,56,56,57,135,Diploma,D
55,61,54,54,158,Diploma,D
58,73,57,68,87,Arts,D
53,58,52,65,63,Arts,D
59,65,58,66,139,Arts,D
50,56,49,54,191,Arts,D
65,54,64,57,155,Diploma,D
55,65,54,62,134,Commerce,D
66,71,65,76,150,Commerce,D
57,74,56,76,187,Commerce,D
82,84,81,82,134,Commerce,D
53,55,52,48,88,Arts,D
77,69,76,68,62,Diploma,D
53,44,52,42,121,Science,D
88,78,87,75,70,Arts,D
71,84,70,87,133,Arts,D
33,41,32,43,95,Diploma,D
82,85,81,86,93,Diploma,D
52,55,51,49,76,Diploma,D
58,59,57,58,193,Commerce,D
0,17,-1,10,120,Diploma,D
79,74,78,72,109,Diploma,D
39,39,38,34,56,Diploma,D
62,61,61,55,131,Commerce,D
69,80,68,71,172,Diploma,D
59,58,58,59,91,Arts,D
67,64,66,61,153,Arts,D
45,37,44,37,93,Diploma,D
60,72,59,74,73,Commerce,D
61,58,60,56,74,Diploma,D
39,64,38,57,53,Diploma,D
58,63,57,73,96,Arts,D
63,55,62,63,119,Arts,D
41,51,40,48,108,Arts,D
61,57,60,56,149,Arts,D
49,49,48,41,105,Arts,D
44,41,43,38,66,Arts,D
30,26,29,22,125,Commerce,D
80,78,79,81,131,Commerce,D
61,74,60,72,93,Diploma,D
62,68,61,68,123,Arts,D
47,49,46,50,191,Arts,D
49,45,48,45,156,Arts,D
50,47,49,54,115,Arts,D
72,64,71,63,72,Diploma,D
42,39,41,34,158,Arts,D
73,80,72,82,102,Arts,D
76,83,75,88,109,Diploma,D
71,71,70,74,57,Commerce,D
58,70,57,67,181,Commerce,D
73,86,72,82,153,Diploma,D
65,72,64,74,92,Diploma,D
27,34,26,36,60,Commerce,D
71,79,70,71,71,Arts,D
43,45,42,50,144,Arts,D
79,86,78,92,96,Diploma,D
78,81,77,82,112,Arts,D
65,66,64,62,167,Diploma,D
63,72,62,70,172,Diploma,D
58,67,57,62,112,Commerce,D
65,67,64,62,175,Diploma,D
79,67,78,67,156,Arts,D
68,74,67,74,146,Diploma,D
85,91,84,89,198,Diploma,D
60,44,59,47,134,Diploma,D
98,86,97,90,75,Commerce,D
58,67,57,72,127,Arts,D
87,100,86,100,101,Commerce,D
66,63,65,64,179,Diploma,D
52,76,51,70,64,Commerce,D
70,64,69,72,59,Arts,D
77,89,76,98,68,Arts,D
62,55,61,49,115,Commerce,D
54,53,53,47,128,Commerce,D
51,58,50,54,98,Commerce,D
99,100,98,100,103,Commerce,D
84,77,83,74,79,Arts,D
75,85,74,82,96,Commerce,D
78,82,77,79,178,Diploma,D
51,63,50,61,144,Arts,D
55,69,54,65,65,Arts,D
79,92,78,89,186,Arts,D
91,89,90,92,103,Commerce,D
88,93,87,93,89,Diploma,D
63,57,62,56,157,Diploma,D
83,80,82,73,107,Arts,D
87,95,86,86,144,Arts,D
72,68,71,67,149,Arts,D
65,77,64,74,194,Arts,D
82,82,81,74,145,Commerce,D
51,49,50,51,167,Arts,D
89,84,88,82,163,Diploma,D
53,37,52,40,149,Arts,D
87,74,86,70,185,Diploma,D
75,81,74,84,181,Diploma,D
74,79,73,75,126,Diploma,D
58,55,57,48,174,Diploma,D
51,54,50,41,172,Diploma,D
70,55,69,56,149,Arts,D
59,66,58,67,136,Diploma,D
71,61,70,69,126,Arts,D
76,72,75,71,185,Arts,D
59,62,58,64,61,Diploma,D
42,55,41,54,87,Arts,D
57,43,56,47,166,Diploma,D
88,73,87,78,106,Diploma,D
22,39,21,33,120,Diploma,D
88,84,87,75,150,Diploma,D
73,68,72,66,76,Diploma,D
68,75,67,81,112,Commerce,D
100,100,99,93,165,Diploma,D
62,67,61,69,82,Arts,D
77,67,76,68,137,Diploma,D
59,70,58,66,161,Diploma,D
54,49,53,47,60,Diploma,D
62,67,61,61,66,Diploma,D
70,89,69,88,179,Arts,D
66,74,65,78,115,Diploma,D
60,60,59,60,156,Diploma,D
61,86,60,87,120,Commerce,D
66,62,65,64,100,Diploma,D
82,78,81,74,135,Arts,D
75,88,74,85,106,Diploma,D
49,53,48,52,66,Arts,D
52,53,51,49,130,Diploma,D
81,92,80,91,96,Arts,D
96,100,95,100,165,Diploma,D
53,51,52,51,73,Commerce,D
58,76,57,78,126,Arts,D
68,83,67,78,62,Arts,D
67,75,66,70,93,Diploma,D
72,73,71,74,127,Arts,D
94,88,93,78,157,Diploma,D
79,86,78,81,72,Diploma,D
63,67,62,70,160,Diploma,D
43,51,42,54,184,Diploma,D
81,91,80,87,187,Diploma,D
46,54,45,58,72,Arts,D
71,77,70,77,120,Arts,D
52,70,51,62,81,Commerce,D
97,100,96,100,198,Arts,D
62,68,61,75,122,Diploma,D
46,64,45,66,152,Arts,D
50,50,49,47,137,Arts,D
65,69,64,70,155,Arts,D
45,52,44,49,129,Arts,D
65,67,64,65,121,Arts,D
80,76,79,65,181,Diploma,D
62,66,61,68,76,Arts,D
48,52,47,45,196,Arts,D
77,88,76,87,200,Diploma,D
66,65,65,69,75,Arts,D
76,83,75,79,182,Arts,D
62,64,61,66,133,Arts,D
77,62,76,62,166,Diploma,D
69,84,68,85,175,Arts,D
61,55,60,52,55,Commerce,D
59,69,58,65,90,Diploma,D
55,56,54,51,154,Diploma,D
45,53,44,55,110,Diploma,D
78,79,77,76,126,Commerce,D
67,84,66,86,138,Diploma,D
65,81,64,77,63,Diploma,D
69,77,68,69,57,Diploma,D
57,69,56,68,103,Arts,D
59,41,58,42,125,Diploma,D
74,71,73,78,164,Diploma,D
82,62,81,62,54,Arts,D
81,80,80,76,115,Diploma,D
74,81,73,76,55,Diploma,D
58,61,57,66,54,Arts,D
80,79,79,79,136,Diploma,D
35,28,34,27,164,Diploma,D
42,62,41,60,187,Arts,D
60,51,59,56,61,Commerce,D
87,91,86,81,134,Diploma,D
84,83,83,75,74,Commerce,D
83,86,82,88,84,Arts,D
34,42,33,39,60,Arts,D
66,77,65,70,57,Diploma,D
61,56,60,56,147,Commerce,D
56,68,55,74,121,Commerce,D
87,85,86,73,111,Arts,D
55,65,54,62,92,Arts,D
86,80,85,75,77,Diploma,D
52,66,51,73,118,Arts,D
45,56,44,54,121,Arts,D
72,72,71,71,87,Arts,D
57,50,56,54,50,Arts,D
68,72,67,64,51,Arts,D
88,95,87,94,192,Arts,D
76,64,75,66,184,Diploma,D
46,43,45,42,90,Diploma,D
67,86,66,83,142,Diploma,D
92,87,91,78,164,Diploma,D
83,82,82,84,106,Arts,D
80,75,79,77,64,Arts,D
63,66,62,67,179,Diploma,D
64,60,63,74,105,Diploma,D
54,52,53,51,80,Arts,D
84,80,83,80,146,Arts,D
73,68,72,66,100,Diploma,D
80,83,79,83,133,Arts,D
56,52,55,55,129,Diploma,D
59,51,58,43,108,Diploma,D
75,74,74,69,133,Diploma,D
85,76,84,71,97,Arts,D
89,76,88,74,172,Commerce,D
58,70,57,68,174,Diploma,D
65,64,64,62,74,Commerce,D
68,60,67,53,195,Arts,D
47,49,46,49,111,Diploma,D
71,83,70,83,73,Diploma,D
60,70,59,70,132,Diploma,D
80,80,79,72,89,Diploma,D
54,52,53,52,82,Diploma,D
62,73,61,70,153,Arts,D
64,73,63,68,111,Diploma,D
78,77,77,77,150,Diploma,D
70,75,69,78,57,Diploma,D
65,81,64,81,72,Arts,D
64,79,63,77,112,Arts,D
79,79,78,78,95,Diploma,D
44,50,43,51,164,Arts,D
99,93,98,90,138,Diploma,D
76,73,75,68,104,Commerce,D
59,42,58,41,184,Diploma,D
63,75,62,81,186,Arts,D
69,72,68,77,190,Arts,D
88,92,87,95,164,Arts,D
71,76,70,70,166,Arts,D
69,63,68,61,103,Diploma,D
58,49,57,42,190,Arts,D
47,53,46,58,167,Diploma,D
65,70,64,71,142,Arts,D
88,85,87,76,156,Arts,D
83,78,82,73,68,Arts,D
85,92,84,93,63,Diploma,D
59,63,58,75,160,Diploma,D
65,86,64,80,131,Diploma,D
73,56,72,57,189,Arts,D
53,52,52,42,100,Commerce,D
45,48,44,46,109,Arts,D
73,79,72,84,70,Commerce,D
70,78,69,78,167,Commerce,D
37,46,36,46,171,Arts,D
81,82,80,82,186,Arts,D
97,82,96,88,176,Arts,D
67,89,66,82,159,Diploma,D
88,75,87,76,66,Arts,D
77,76,76,77,184,Diploma,D
76,70,75,68,200,Diploma,D
86,73,85,70,56,Science,D
63,60,62,57,153,Diploma,D
65,73,64,75,59,Arts,D
78,77,77,80,144,Commerce,D
67,62,66,60,76,Diploma,D
46,41,45,43,139,Commerce,D
71,74,70,68,100,Arts,D
40,46,39,50,136,Commerce,D
90,87,89,75,199,Arts,D
81,78,80,81,76,Diploma,D
56,54,55,52,73,Diploma,D
67,84,66,81,86,Commerce,D
80,76,79,64,102,Diploma,D
74,75,73,83,168,Diploma,D
69,67,68,69,140,Commerce,D
99,87,98,81,104,Commerce,D
51,52,50,44,126,Diploma,D
53,71,52,67,136,Diploma,D
49,57,48,52,164,Diploma,D
73,76,72,80,172,Commerce,D
66,60,65,57,136,Diploma,D
67,61,66,68,56,Arts,D
68,67,67,69,99,Arts,D
59,64,58,75,153,Commerce,D
71,66,70,65,80,Commerce,D
77,82,76,91,174,Arts,D
83,72,82,78,110,Diploma,D
63,71,62,69,108,Diploma,D
56,65,55,63,66,Commerce,D
67,79,66,84,123,Diploma,D
75,86,74,79,199,Arts,D
71,81,70,80,134,Arts,D
43,53,42,53,60,Arts,D
41,46,40,43,63,Arts,D
82,90,81,94,96,Arts,D
61,61,60,62,102,Commerce,D
28,23,27,19,76,Diploma,D
82,75,81,77,187,Arts,D
41,55,40,51,65,Arts,D
71,60,70,61,123,Diploma,D
47,37,46,35,150,Diploma,D
62,56,61,53,58,Arts,D
90,78,89,81,158,Diploma,D
83,93,82,95,98,Arts,D
61,68,60,66,158,Arts,D
76,70,75,69,175,Arts,D
49,51,48,43,149,Diploma,D
24,38,23,27,110,Arts,D
35,55,34,60,167,Diploma,D
58,61,57,52,59,Arts,D
61,73,60,63,194,Commerce,D
69,76,68,74,159,Arts,D
67,72,66,67,64,Arts,D
79,73,78,67,72,Commerce,D
72,80,71,75,70,Arts,D
62,61,61,57,147,Commerce,D
77,94,76,95,96,Arts,D
75,74,74,66,122,Commerce,D
87,74,86,76,158,Diploma,D
52,65,51,69,69,Arts,D
66,57,65,52,198,Commerce,D
63,78,62,80,142,Commerce,D
46,58,45,57,138,Arts,D
59,71,58,70,137,Arts,D
61,72,60,70,141,Arts,D
63,61,62,61,155,Arts,D
42,66,41,69,200,Science,D
59,62,58,61,86,Arts,D
80,90,79,89,56,Diploma,D
58,62,57,59,139,Arts,D
85,84,84,78,74,Arts,D
52,58,51,58,111,Arts,D
27,34,26,32,177,Commerce,D
59,60,58,58,59,Arts,D
49,58,48,60,81,Arts,D
69,58,68,53,168,Commerce,D
61,66,60,61,190,Arts,D
44,64,43,58,110,Arts,D
73,84,72,85,58,Arts,D
84,77,83,71,101,Commerce,D
45,73,44,70,154,Diploma,D
74,74,73,72,124,Science,D
82,97,81,96,176,Diploma,D
59,70,58,73,79,Diploma,D
46,43,45,41,51,Arts,D
80,90,79,82,66,Arts,D
85,95,84,100,159,Diploma,D
71,83,70,77,59,Commerce,D
66,64,65,62,72,Diploma,D
80,86,79,83,95,Diploma,D
87,100,86,95,132,Diploma,D
79,81,78,71,148,Diploma,D
38,49,37,45,130,Arts,D
38,43,37,43,88,Commerce,D
67,76,66,75,89,Arts,D
64,73,63,70,128,Arts,D
57,78,56,67,138,Arts,D
62,64,61,64,127,Arts,D
73,70,72,75,115,Arts,D
73,67,72,59,188,Diploma,D
77,68,76,77,182,Arts,D
76,67,75,67,81,Diploma,D
57,54,56,56,98,Arts,D
65,74,64,77,177,Diploma,D
48,45,47,41,161,Diploma,D
50,67,49,63,172,Commerce,D
85,89,84,95,86,Arts,D
74,63,73,57,88,Diploma,D
60,59,59,54,173,Diploma,D
59,54,58,67,103,Diploma,D
53,43,52,43,88,Arts,D
49,65,48,55,105,Diploma,D
88,99,87,100,76,Diploma,D
54,59,53,62,123,Arts,D
63,73,62,68,176,Arts,D
65,65,64,63,126,Diploma,D
82,80,81,77,143,Commerce,D
52,57,51,56,73,Commerce,D
87,84,86,85,104,Arts,D
70,71,69,74,157,Arts,D
84,83,83,78,81,Arts,D
71,66,70,60,126,Diploma,D
63,67,62,67,58,Arts,D
51,72,50,79,55,Diploma,D
84,73,83,69,171,Diploma,D
71,74,70,68,103,Arts,D
74,73,73,67,174,Arts,D
68,59,67,62,141,Commerce,D
57,56,56,54,125,Commerce,D
82,93,81,93,128,Arts,D
57,58,56,64,195,Arts,D
47,58,46,67,148,Arts,D
59,85,58,80,93,Arts,D
41,39,40,34,175,Diploma,D
62,67,61,62,113,Diploma,D
86,83,85,86,80,Arts,D
69,71,68,65,72,Diploma,D
65,59,64,53,186,Diploma,D
68,63,67,54,107,Diploma,D
64,66,63,59,176,Diploma,D
61,72,60,70,116,Arts,D
61,56,60,55,53,Arts,D
47,59,46,50,188,Arts,D
73,66,72,66,82,Diploma,D
50,48,49,53,173,Arts,D
75,68,74,64,80,Commerce,D
75,66,74,73,161,Science,D
70,56,69,51,131,Arts,D
89,88,88,82,148,Diploma,D
67,81,66,79,56,Arts,D
78,81,77,80,66,Diploma,D
59,73,58,69,120,Diploma,D
73,83,72,76,193,Diploma,D
79,82,78,73,168,Commerce,D
67,74,66,77,133,Arts,D
69,66,68,60,53,Diploma,D
86,81,85,80,58,Arts,D
47,46,46,42,173,Arts,D
81,73,80,72,63,Diploma,D
64,85,63,85,136,Arts,D
100,92,99,97,179,Arts,D
65,77,64,74,181,Arts,D
65,58,64,49,70,Commerce,D
53,61,52,62,69,Arts,D
37,56,36,47,138,Commerce,D
79,89,78,89,73,Arts,D
53,54,52,48,139,Arts,D
100,100,99,100,167,Arts,D
72,65,71,68,53,Diploma,D
53,58,52,55,113,Commerce,D
54,54,53,45,56,Arts,D
71,70,70,76,90,Arts,D
77,90,76,91,128,Diploma,D
75,58,74,62,167,Arts,D
84,87,83,91,91,Diploma,D
26,31,25,38,168,Diploma,D
72,67,71,65,177,Diploma,D
77,88,76,85,86,Diploma,D
91,74,90,76,103,Diploma,D
83,85,82,90,95,Diploma,D
63,69,62,74,178,Arts,D
68,86,67,84,144,Diploma,D
59,67,58,61,67,Arts,D
90,90,89,91,114,Diploma,D
71,76,70,83,184,Arts,D
76,62,75,66,95,Diploma,D
80,68,79,72,64,Diploma,D
55,64,54,70,148,Diploma,A
76,71,75,67,175,Diploma,A
73,71,72,68,151,Diploma,A
52,59,51,56,169,Commerce,A
68,68,67,61,90,Arts,A
59,52,58,46,63,Arts,A
49,52,48,54,198,Commerce,A
70,74,69,71,118,Diploma,A
61,47,60,56,125,Diploma,A
60,75,59,74,75,Arts,A
64,53,63,57,127,Diploma,A
79,82,78,82,120,Diploma,A
65,85,64,76,67,Arts,A
64,64,63,70,140,Diploma,A
83,83,82,90,67,Commerce,A
81,88,80,90,127,Diploma,A
54,64,53,68,109,Arts,A
68,64,67,66,73,Arts,A
54,48,53,52,120,Arts,A
59,78,58,76,54,Diploma,A
66,69,65,68,194,Diploma,A
76,71,75,72,70,Diploma,A
74,79,73,82,125,Arts,A
94,87,93,92,192,Arts,A
63,61,62,54,181,Commerce,A
95,89,94,92,171,Arts,A
40,59,39,54,155,Diploma,A
82,82,81,80,132,Arts,A
68,70,67,66,86,Diploma,A
55,59,54,54,181,Commerce,A
79,78,78,77,53,Arts,A
86,92,85,87,194,Diploma,A
76,71,75,73,103,Diploma,A
64,50,63,43,72,Diploma,A
62,49,61,52,184,Commerce,A
54,61,53,62,55,Diploma,A
77,97,76,94,139,Diploma,A
76,87,75,85,176,Diploma,A
74,89,73,84,156,Arts,A
66,74,65,73,168,Arts,A
66,78,65,78,141,Commerce,A
67,78,66,79,130,Diploma,A
71,49,70,52,79,Diploma,A
91,86,90,84,88,Arts,A
69,58,68,57,126,Commerce,A
54,59,53,50,174,Arts,A
53,52,52,49,92,Arts,A
68,60,67,59,120,Commerce,A
56,61,55,60,153,Commerce,A
36,53,35,43,69,Commerce,A
29,41,28,47,57,Diploma,A
62,74,61,70,188,Arts,A
68,67,67,73,181,Diploma,A
47,54,46,53,57,Diploma,A
62,61,61,58,174,Diploma,A
79,88,78,94,110,Arts,A
73,69,72,68,143,Commerce,A
66,83,65,83,65,Commerce,A
51,60,50,58,157,Commerce,A
51,66,50,62,94,Diploma,A
85,66,84,71,161,Diploma,A
97,92,96,86,117,Diploma,A
75,69,74,68,100,Diploma,A
79,82,78,80,111,Commerce,A
81,77,80,79,111,Diploma,A
82,95,81,89,65,Arts,A
64,63,63,66,118,Arts,A
78,83,77,80,189,Diploma,A
92,100,91,97,151,Diploma,A
72,67,71,64,112,Arts,A
62,67,61,64,61,Diploma,A
79,72,78,69,182,Diploma,A
79,76,78,65,128,Diploma,A
87,90,86,88,62,Arts,A
40,48,39,50,56,Diploma,A
77,62,76,64,104,Diploma,A
53,45,52,40,130,Commerce,A
32,39,31,33,80,Diploma,A
55,72,54,79,166,Commerce,A
61,67,60,66,167,Arts,A
53,70,52,70,141,Diploma,A
73,66,72,62,114,Diploma,A
74,75,73,79,55,Diploma,A
63,74,62,74,136,Diploma,A
96,90,95,92,102,Diploma,A
63,80,62,80,79,Arts,A
48,51,47,46,199,Diploma,A
48,43,47,45,126,Arts,A
92,100,91,100,128,Commerce,A
61,71,60,78,124,Arts,A
63,48,62,47,90,Diploma,A
68,68,67,67,71,Diploma,A
71,75,70,70,121,Diploma,A
91,96,90,92,83,Arts,A
53,62,52,56,75,Arts,A
50,66,49,64,70,Diploma,A
74,81,73,71,125,Diploma,A
40,55,39,53,69,Arts,A
61,51,60,52,162,Arts,A
81,91,80,89,66,Arts,A
48,56,47,58,175,Diploma,A
53,61,52,68,185,Diploma,A
81,97,80,96,192,Diploma,A
77,79,76,80,180,Arts,A
63,73,62,78,169,Diploma,A
73,75,72,80,197,Commerce,A
69,77,68,77,166,Arts,A
65,76,64,76,73,Arts,A
55,73,54,73,50,Diploma,A
44,63,43,62,145,Diploma,A
54,64,53,65,79,Diploma,A
48,66,47,65,120,Diploma,A
58,57,57,54,72,Diploma,A
71,62,70,50,125,Diploma,A
68,68,67,64,148,Arts,A
74,76,73,73,95,Diploma,A
92,100,91,99,176,Diploma,A
56,79,55,72,164,Arts,A
30,24,29,15,195,Diploma,A
53,54,52,48,73,Arts,A
69,77,68,73,151,Diploma,A
65,82,64,81,128,Arts,A
54,60,53,63,150,Diploma,A
29,29,28,30,110,Commerce,A
76,78,75,80,98,Diploma,A
60,57,59,51,124,Commerce,A
84,89,83,90,88,Diploma,A
75,72,74,62,112,Arts,A
85,84,84,82,105,Diploma,A
40,58,39,54,66,Arts,A
61,64,60,62,142,Commerce,A
58,63,57,65,80,Commerce,A
69,60,68,63,80,Diploma,A
58,59,57,66,76,Diploma,A
94,90,93,91,123,Diploma,A
65,77,64,74,113,Diploma,A
82,93,81,93,137,Diploma,A
60,68,59,72,172,Diploma,A
37,45,36,38,102,Diploma,A
88,78,87,83,103,Diploma,A
95,81,94,84,59,Diploma,A
65,73,64,68,159,Diploma,A
35,61,34,54,189,Arts,A
62,63,61,56,199,Diploma,A
58,51,57,52,186,Diploma,A
100,96,99,86,103,Diploma,A
61,58,60,62,118,Arts,A
100,97,99,99,118,Diploma,A
69,70,68,63,170,Diploma,A
61,48,60,46,66,Diploma,A
49,57,48,46,76,Diploma,A
44,51,43,55,160,Diploma,A
67,64,66,70,118,Diploma,A
79,60,78,65,70,Arts,A
66,74,65,81,69,Diploma,A
75,88,74,85,123,Diploma,A
84,84,83,80,172,Diploma,A
71,74,70,64,94,Diploma,A
67,80,66,81,139,Diploma,A
80,92,79,88,189,Diploma,A
86,76,85,74,172,Commerce,A
76,74,75,73,135,Diploma,A
41,52,40,51,178,Arts,A
74,88,73,90,174,Diploma,A
72,81,71,79,115,Diploma,A
74,79,73,80,100,Diploma,A
70,65,69,60,77,Diploma,A
65,81,64,81,180,Diploma,A
59,70,58,65,200,Arts,A
64,62,63,68,154,Diploma,A
50,53,49,55,80,Commerce,A
69,79,68,81,184,Diploma,A
51,56,50,53,173,Diploma,A
68,80,67,76,138,Diploma,A
85,86,84,98,102,Diploma,A
65,70,64,74,171,Diploma,A
73,79,72,79,191,Commerce,A
62,67,61,67,66,Diploma,A
77,67,76,64,189,Diploma,A
69,66,68,61,99,Arts,A
43,60,42,58,111,Arts,A
90,87,89,85,118,Arts,A
74,77,73,73,158,Arts,A
73,66,72,63,86,Diploma,A
55,71,54,69,153,Diploma,A
65,69,64,67,138,Arts,A
80,63,79,63,123,Diploma,A
50,60,49,60,95,Science,A
63,73,62,71,170,Arts,A
77,85,76,87,107,Arts,A
73,74,72,61,189,Arts,A
81,72,80,77,150,Arts,A
66,76,65,68,131,Diploma,A
52,57,51,50,150,Diploma,A
69,78,68,76,151,Diploma,A
65,84,64,84,165,Arts,A
69,77,68,78,100,Diploma,A
50,64,49,66,182,Arts,A
73,78,72,76,53,Commerce,A
70,82,69,76,114,Arts,A
81,75,80,78,139,Arts,A
63,61,62,60,89,Commerce,A
67,72,66,74,74,Diploma,A
60,68,59,60,158,Arts,A
62,55,61,54,185,Diploma,A
29,40,28,44,154,Diploma,A
62,66,61,68,119,Diploma,A
94,99,93,100,200,Arts,A
85,75,84,68,187,Arts,A
77,78,76,73,170,Diploma,A
53,58,52,44,130,Commerce,A
93,90,92,83,127,Diploma,A
49,53,48,53,156,Diploma,A
73,76,72,78,61,Arts,A
66,74,65,81,191,Diploma,A
77,77,76,73,61,Arts,A
49,63,48,56,73,Diploma,A
79,89,78,86,137,Diploma,A
75,82,74,90,82,Diploma,A
59,72,58,70,156,Diploma,A
57,78,56,79,130,Commerce,A
66,66,65,59,145,Diploma,A
79,81,78,82,93,Diploma,A
57,67,56,72,72,Diploma,A
87,84,86,87,100,Diploma,A
63,64,62,67,181,Arts,A
59,63,58,64,92,Diploma,A
62,72,61,65,66,Diploma,A
46,34,45,36,70,Diploma,A
66,59,65,52,94,Arts,A
89,87,88,79,83,Diploma,A
42,61,41,58,57,Diploma,A
93,84,92,90,162,Diploma,A
80,85,79,85,116,Arts,A
98,100,97,99,180,Diploma,A
81,81,80,84,81,Diploma,A
60,70,59,74,146,Diploma,A
76,94,75,87,55,Diploma,A
73,78,72,72,184,Diploma,A
96,96,95,99,162,Diploma,A
76,76,75,74,148,Arts,A
91,73,90,80,161,Arts,A
62,72,61,70,123,Diploma,A
55,59,54,59,172,Diploma,A
74,90,73,88,110,Diploma,A
50,48,49,42,178,Arts,A
47,43,46,41,109,Arts,A
81,74,80,71,156,Arts,A
65,75,64,77,143,Arts,A
68,51,67,57,135,Commerce,A
73,92,72,84,163,Commerce,A
53,39,52,37,194,Arts,A
68,77,67,80,60,Arts,A
55,46,54,43,136,Diploma,A
87,89,86,94,145,Diploma,A
55,47,54,44,191,Commerce,A
53,58,52,57,178,Diploma,A
67,57,66,59,78,Commerce,A
92,79,91,84,96,Arts,A
53,66,52,73,148,Diploma,A
81,71,80,73,185,Diploma,A
61,60,60,55,165,Arts,A
80,73,79,72,155,Diploma,A
37,57,36,56,164,Diploma,A
81,84,80,82,186,Arts,A
59,73,58,72,153,Commerce,A
55,55,54,47,60,Arts,A
72,79,71,74,66,Diploma,A
69,75,68,71,178,Arts,A
69,64,68,68,63,Arts,A
50,60,49,59,74,Diploma,A
87,84,86,86,188,Diploma,A
71,69,70,68,167,Diploma,A
68,72,67,65,135,Science,A
79,77,78,75,91,Diploma,A
77,90,76,85,196,Arts,A
58,55,57,53,106,Arts,A
84,95,83,92,191,Arts,A
55,58,54,52,130,Commerce,A
70,68,69,72,195,Diploma,A
52,59,51,65,107,Diploma,A
69,77,68,77,141,Arts,A
53,72,52,64,135,Diploma,A
48,58,47,54,99,Arts,A
78,81,77,86,86,Diploma,A
62,62,61,63,124,Arts,A
60,63,59,59,56,Diploma,A
74,72,73,72,76,Arts,A
58,75,57,77,94,Diploma,A
76,62,75,60,78,Diploma,A
68,71,67,75,118,Diploma,A
58,60,57,57,83,Diploma,A
52,48,51,49,199,Arts,A
75,73,74,74,146,Arts,A
52,67,51,72,199,Diploma,A
62,78,61,79,138,Diploma,A
66,65,65,60,156,Diploma,A
49,58,48,55,192,Arts,A
66,72,65,70,67,Diploma,A
35,44,34,43,163,Diploma,A
72,79,71,82,114,Diploma,A
94,85,93,82,133,Arts,A
46,56,45,57,67,Diploma,A
77,90,76,84,194,Diploma,A
76,85,75,82,117,Arts,A
52,59,51,62,168,Arts,A
91,81,90,79,97,Commerce,A
32,51,31,44,82,Diploma,A
72,79,71,77,185,Diploma,A
19,38,18,32,166,Diploma,A
68,65,67,61,183,Diploma,A
52,65,51,61,119,Arts,A
48,62,47,60,73,Diploma,A
60,66,59,70,114,Arts,A
66,74,65,69,60,Arts,A
89,84,88,77,76,Diploma,A
42,52,41,51,93,Arts,A
57,68,56,73,192,Commerce,A
70,70,69,70,113,Arts,A
70,84,69,81,183,Diploma,A
69,60,68,54,70,Arts,A
52,55,51,57,61,Diploma,A
67,73,66,68,114,Arts,A
76,80,75,73,116,Diploma,A
87,94,86,95,67,Diploma,A
82,85,81,87,105,Diploma,A
73,76,72,78,134,Diploma,A
75,81,74,74,189,Commerce,A
64,74,63,75,116,Diploma,A
41,45,40,40,87,Diploma,A
90,75,89,69,176,Diploma,A
59,54,58,51,130,Commerce,A
51,31,50,36,51,Diploma,A
45,47,44,49,67,Diploma,A
54,64,53,67,196,Arts,A
87,84,86,76,132,Diploma,A
72,80,71,83,133,Diploma,A
94,86,93,87,108,Arts,A
45,59,44,64,104,Arts,A
61,70,60,76,195,Arts,A
60,72,59,68,100,Diploma,A
77,91,76,88,81,Commerce,A
85,90,84,92,119,Arts,A
78,90,77,93,186,Diploma,A
49,52,48,51,198,Arts,A
71,87,70,82,171,Diploma,A
48,58,47,52,87,Arts,A
62,67,61,58,160,Diploma,A
56,68,55,70,197,Arts,A
65,69,64,76,85,Diploma,A
69,86,68,81,91,Arts,A
68,54,67,53,89,Diploma,A
61,60,60,57,122,Arts,A
74,86,73,89,185,Diploma,A
64,60,63,58,121,Arts,A
77,82,76,89,100,Diploma,A
58,50,57,45,148,Diploma,A
60,64,59,74,110,Commerce,A
73,64,72,57,100,Arts,A
75,82,74,79,118,Diploma,A
58,57,57,53,131,Commerce,A
66,77,65,73,199,Arts,A
39,52,38,46,75,Arts,A
64,58,63,51,107,Arts,A
23,44,22,36,140,Diploma,A
74,77,73,76,155,Commerce,A
40,65,39,64,109,Arts,A
90,85,89,84,136,Diploma,A
91,85,90,85,125,Arts,A
64,54,63,50,140,Diploma,A
59,72,58,68,188,Diploma,A
80,75,79,69,73,Diploma,A
71,67,70,67,166,Commerce,A
61,68,60,63,104,Arts,A
87,85,86,93,173,Commerce,A
82,67,81,61,159,Commerce,A
62,64,61,55,116,Diploma,A
97,97,96,96,56,Diploma,A
75,68,74,65,104,Diploma,A
65,79,64,81,78,Diploma,A
52,49,51,46,163,Arts,A
87,73,86,72,109,Arts,A
53,62,52,53,54,Commerce,A
81,86,80,87,158,Diploma,A
39,42,38,38,134,Diploma,A
71,71,70,80,139,Commerce,A
97,93,96,91,122,Commerce,A
82,82,81,88,175,Arts,A
59,53,58,52,164,Arts,A
61,42,60,41,85,Arts,A
78,74,77,72,130,Science,A
49,51,48,51,85,Diploma,A
59,58,58,47,66,Diploma,A
70,72,69,76,172,Science,A
82,84,81,78,143,Science,A
90,90,89,82,199,Arts,A
43,62,42,61,79,Diploma,A
80,64,79,66,164,Diploma,A
81,82,80,84,193,Arts,A
57,61,56,54,118,Diploma,A
59,72,58,80,151,Arts,A
64,76,63,74,86,Diploma,A
63,64,62,66,82,Diploma,A
71,70,70,70,122,Arts,A
64,73,63,71,59,Arts,A
55,46,54,44,62,Arts,A
51,51,50,54,93,Diploma,A
62,76,61,80,96,Arts,A
93,100,92,95,103,Diploma,A
54,72,53,59,52,Diploma,A
69,65,68,74,101,Diploma,A
44,51,43,48,193,Arts,A
86,85,85,91,191,Arts,A
85,92,84,85,159,Diploma,A
50,67,49,73,68,Commerce,A
88,74,87,75,159,Diploma,A
59,62,58,69,160,Diploma,A
32,34,31,38,71,Diploma,A
36,29,35,27,123,Diploma,A
63,78,62,79,114,Diploma,A
67,54,66,63,117,Arts,A
65,78,64,82,182,Diploma,A
85,84,84,89,105,Science,A
73,78,72,74,129,Arts,A
34,48,33,41,64,Commerce,A
93,100,92,100,94,Diploma,A
67,84,66,84,130,Diploma,A
88,77,87,77,126,Diploma,A
57,48,56,51,93,Arts,A
79,84,78,91,145,Diploma,A
67,75,66,72,128,Diploma,A
70,64,69,70,109,Diploma,A
50,42,49,48,152,Arts,A
69,84,68,82,117,Diploma,A
52,61,51,66,158,Diploma,A
47,62,46,66,107,Arts,A
46,61,45,55,75,Arts,A
68,70,67,66,73,Arts,A
100,100,99,100,93,Diploma,A
44,61,43,52,142,Arts,A
57,77,56,80,155,Arts,A
91,96,90,91,194,Arts,A
69,70,68,67,180,Diploma,A
35,53,34,46,184,Arts,A
72,66,71,66,74,Arts,A
54,65,53,65,168,Arts,A
74,70,73,69,94,Arts,A
74,64,73,60,58,Diploma,A
64,56,63,52,179,Commerce,A
65,61,64,71,157,Arts,A
46,43,45,44,173,Arts,A
48,56,47,51,63,Arts,A
67,74,66,70,160,Diploma,A
62,57,61,62,58,Arts,A
61,71,60,73,178,Diploma,A
70,75,69,74,62,Commerce,A
98,87,97,90,133,Arts,A
70,63,69,58,164,Diploma,A
67,57,66,53,92,Arts,A
57,58,56,57,113,Diploma,A
85,81,84,85,194,Arts,A
77,68,76,69,83,Diploma,A
72,66,71,72,198,Diploma,A
78,91,77,96,78,Arts,A
81,66,80,64,50,Diploma,A
61,62,60,61,173,Diploma,A
58,68,57,61,107,Diploma,A
54,61,53,58,144,Diploma,A
82,82,81,80,90,Diploma,A
49,58,48,60,129,Diploma,A
49,50,48,52,194,Diploma,A
57,75,56,73,73,Diploma,A
94,73,93,71,78,Diploma,A
75,77,74,83,166,Diploma,A
74,74,73,72,112,Diploma,A
58,52,57,54,91,Diploma,A
62,69,61,69,58,Arts,A
72,57,71,62,77,Arts,A
84,87,83,81,138,Diploma,A
92,100,91,100,82,Diploma,A
45,63,44,59,177,Diploma,A
75,81,74,71,91,Arts,A
56,58,55,64,109,Diploma,A
48,54,47,53,51,Diploma,A
100,100,99,100,118,Arts,A
65,76,64,75,81,Arts,A
72,57,71,58,198,Diploma,A
62,70,61,72,195,Arts,A
66,68,65,64,167,Diploma,A
63,63,62,60,184,Arts,A
68,76,67,67,187,Arts,A
75,84,74,80,163,Commerce,A
89,100,88,100,200,Diploma,A
78,72,77,69,163,Arts,A
53,50,52,60,124,Diploma,A
49,65,48,61,187,Diploma,A
54,63,53,67,155,Diploma,A
64,82,63,77,185,Arts,A
60,62,59,60,157,Arts,A
62,65,61,58,130,Commerce,A
55,41,54,48,144,Diploma,A
91,95,90,94,191,Diploma,A
8,24,7,23,194,Diploma,A
81,78,80,78,171,Diploma,A
79,85,78,86,161,Diploma,A
78,87,77,91,122,Arts,A
74,75,73,82,150,Diploma,A
57,51,56,54,180,Diploma,A
40,59,39,51,194,Arts,A
81,75,80,76,103,Diploma,A
44,45,43,45,196,Commerce,A
67,86,66,83,180,Diploma,A
86,81,85,75,126,Arts,A
65,82,64,78,114,Diploma,A
55,76,54,76,116,Arts,A
62,72,61,74,86,Diploma,A
63,63,62,62,88,Science,A
88,99,87,95,179,Arts,A
62,55,61,55,78,Diploma,A
59,71,58,65,154,Arts,A
68,78,67,77,94,Diploma,A
77,86,76,86,67,Diploma,A
72,72,71,74,91,Diploma,A
69,90,68,88,135,Arts,A
90,95,89,93,77,Diploma,A
47,57,46,44,167,Diploma,A
76,78,75,75,164,Diploma,A
71,83,70,78,85,Arts,A
88,95,87,92,121,Commerce,A
40,43,39,39,62,Diploma,A
64,64,63,67,165,Arts,A
38,60,37,50,128,Arts,A
58,54,57,52,183,Diploma,A
40,52,39,43,78,Arts,A
65,81,64,73,165,Diploma,A
78,72,77,70,54,Arts,A
50,53,49,58,111,Diploma,A
69,75,68,78,58,Diploma,A
88,89,87,86,178,Arts,A
18,32,17,28,77,Diploma,A
46,42,45,46,107,Arts,A
54,58,53,61,170,Arts,A
66,69,65,63,85,Diploma,A
65,75,64,70,106,Arts,A
44,54,43,53,170,Arts,A
69,73,68,73,136,Arts,A
74,71,73,80,153,Diploma,A
73,74,72,72,74,Diploma,A
69,54,68,55,147,Commerce,A
67,69,66,75,145,Diploma,A
70,70,69,65,52,Diploma,A
62,70,61,75,126,Diploma,A
69,74,68,74,140,Diploma,A
63,65,62,61,159,Diploma,A
56,72,55,65,66,Arts,A
40,42,39,38,115,Diploma,A
97,87,96,82,143,Arts,A
81,81,80,79,141,Arts,A
74,81,73,83,106,Commerce,A
50,64,49,59,107,Diploma,A
75,90,74,88,116,Diploma,A
57,56,56,57,74,Arts,A
55,61,54,54,159,Diploma,A
58,73,57,68,61,Arts,A
53,58,52,65,109,Diploma,A
59,65,58,66,84,Science,A
50,56,49,54,104,Diploma,A
65,54,64,57,192,Diploma,A
55,65,54,62,167,Diploma,A
66,71,65,76,171,Diploma,A
57,74,56,76,112,Arts,A
82,84,81,82,56,Arts,A
53,55,52,48,171,Arts,A
77,69,76,68,68,Diploma,A
53,44,52,42,110,Diploma,A
88,78,87,75,198,Diploma,A
71,84,70,87,62,Arts,A
33,41,32,43,172,Diploma,A
82,85,81,86,64,Diploma,A
52,55,51,49,98,Diploma,A
58,59,57,58,107,Arts,A
0,17,-1,10,131,Diploma,A
79,74,78,72,95,Diploma,A
39,39,38,34,53,Diploma,A
62,61,61,55,92,Arts,A
69,80,68,71,95,Arts,A
59,58,58,59,171,Diploma,A
67,64,66,61,87,Diploma,A
45,37,44,37,145,Arts,A
60,72,59,74,157,Diploma,A
61,58,60,56,64,Arts,A
39,64,38,57,66,Arts,A
58,63,57,73,148,Diploma,A
63,55,62,63,196,Arts,A
41,51,40,48,71,Arts,A
61,57,60,56,110,Diploma,A
49,49,48,41,64,Arts,A
44,41,43,38,177,Diploma,A
30,26,29,22,108,Diploma,A
80,78,79,81,188,Arts,A
61,74,60,72,111,Arts,A
62,68,61,68,78,Diploma,A
47,49,46,50,91,Diploma,A
49,45,48,45,147,Diploma,A
50,47,49,54,164,Diploma,A
72,64,71,63,153,Arts,A
42,39,41,34,58,Diploma,A
73,80,72,82,163,Diploma,A
76,83,75,88,53,Diploma,A
71,71,70,74,65,Diploma,A
58,70,57,67,168,Arts,A
73,86,72,82,89,Commerce,A
65,72,64,74,80,Diploma,A
27,34,26,36,193,Arts,A
71,79,70,71,106,Diploma,A
43,45,42,50,161,Diploma,A
79,86,78,92,146,Diploma,A
78,81,77,82,84,Science,A
65,66,64,62,167,Diploma,A
63,72,62,70,123,Arts,A
58,67,57,62,115,Diploma,A
65,67,64,62,126,Arts,A
79,67,78,67,116,Arts,A
68,74,67,74,196,Commerce,A
85,91,84,89,129,Diploma,A
60,44,59,47,67,Diploma,A
98,86,97,90,68,Commerce,A
58,67,57,72,105,Diploma,A
87,100,86,100,97,Arts,A
66,63,65,64,145,Diploma,A
52,76,51,70,85,Arts,A
70,64,69,72,142,Arts,A
77,89,76,98,175,Diploma,A
62,55,61,49,64,Commerce,A
54,53,53,47,81,Diploma,A
51,58,50,54,169,Diploma,A
99,100,98,100,196,Diploma,A
84,77,83,74,86,Diploma,A
75,85,74,82,196,Commerce,A
78,82,77,79,137,Arts,A
51,63,50,61,167,Diploma,A
55,69,54,65,161,Diploma,A
79,92,78,89,177,Diploma,A
91,89,90,92,142,Arts,A
88,93,87,93,120,Diploma,A
63,57,62,56,198,Arts,A
83,80,82,73,122,Commerce,A
87,95,86,86,173,Arts,A
72,68,71,67,151,Diploma,A
65,77,64,74,91,Diploma,A
82,82,81,74,64,Diploma,A
51,49,50,51,168,Diploma,A
89,84,88,82,196,Diploma,A
53,37,52,40,102,Diploma,A
87,74,86,70,178,Diploma,A
75,81,74,84,125,Diploma,A
74,79,73,75,194,Diploma,A
58,55,57,48,61,Diploma,A
51,54,50,41,136,Diploma,A
70,55,69,56,178,Diploma,A
59,66,58,67,88,Diploma,A
71,61,70,69,174,Diploma,A
76,72,75,71,87,Diploma,A
59,62,58,64,69,Diploma,A
42,55,41,54,81,Commerce,A
57,43,56,47,53,Arts,A
88,73,87,78,157,Commerce,A
22,39,21,33,54,Diploma,A
88,84,87,75,107,Diploma,A
73,68,72,66,93,Diploma,A
68,75,67,81,56,Diploma,A
100,100,99,93,84,Commerce,A
62,67,61,69,176,Diploma,A
77,67,76,68,150,Arts,A
59,70,58,66,162,Arts,A
54,49,53,47,191,Arts,A
62,67,61,61,92,Diploma,A
70,89,69,88,172,Arts,A
66,74,65,78,102,Arts,A
60,60,59,60,152,Arts,A
61,86,60,87,182,Diploma,A
66,62,65,64,140,Diploma,A
82,78,81,74,193,Arts,A
75,88,74,85,89,Diploma,A
49,53,48,52,60,Arts,A
52,53,51,49,64,Diploma,A
81,92,80,91,71,Diploma,A
96,100,95,100,191,Arts,A
53,51,52,51,189,Commerce,A
58,76,57,78,99,Arts,A
68,83,67,78,157,Arts,A
67,75,66,70,112,Diploma,A
72,73,71,74,99,Diploma,A
94,88,93,78,81,Diploma,A
79,86,78,81,138,Diploma,A
63,67,62,70,51,Arts,A
43,51,42,54,172,Commerce,A
81,91,80,87,112,Diploma,A
46,54,45,58,177,Diploma,A
71,77,70,77,197,Diploma,A
52,70,51,62,78,Commerce,A
97,100,96,100,197,Arts,A
62,68,61,75,95,Arts,A
46,64,45,66,154,Diploma,A
50,50,49,47,57,Diploma,A
65,69,64,70,195,Arts,A
45,52,44,49,111,Arts,A
65,67,64,65,199,Arts,A
80,76,79,65,78,Diploma,A
62,66,61,68,175,Diploma,A
48,52,47,45,168,Diploma,A
77,88,76,87,156,Diploma,A
66,65,65,69,140,Diploma,A
76,83,75,79,95,Diploma,A
62,64,61,66,178,Commerce,A
77,62,76,62,114,Diploma,A
69,84,68,85,194,Arts,A
61,55,60,52,196,Diploma,A
59,69,58,65,144,Arts,A
55,56,54,51,140,Diploma,A
45,53,44,55,150,Commerce,A
78,79,77,76,132,Diploma,A
67,84,66,86,149,Diploma,A
65,81,64,77,173,Diploma,A
69,77,68,69,111,Commerce,A
57,69,56,68,195,Commerce,A
59,41,58,42,112,Diploma,A
74,71,73,78,187,Arts,A
82,62,81,62,83,Diploma,A
81,80,80,76,187,Diploma,A
74,81,73,76,161,Diploma,A
58,61,57,66,84,Diploma,A
80,79,79,79,74,Arts,A
35,28,34,27,130,Diploma,A
42,62,41,60,105,Diploma,A
60,51,59,56,90,Diploma,A
87,91,86,81,69,Commerce,A
84,83,83,75,165,Arts,A
83,86,82,88,126,Arts,A
34,42,33,39,68,Diploma,A
66,77,65,70,93,Commerce,A
61,56,60,56,199,Diploma,A
56,68,55,74,138,Commerce,A
87,85,86,73,108,Arts,A
55,65,54,62,112,Diploma,A
86,80,85,75,183,Arts,A
52,66,51,73,175,Diploma,A
45,56,44,54,197,Arts,A
72,72,71,71,158,Diploma,A
57,50,56,54,131,Diploma,A
68,72,67,64,70,Diploma,A
88,95,87,94,195,Diploma,A
76,64,75,66,106,Diploma,A
46,43,45,42,91,Diploma,A
67,86,66,83,55,Diploma,A
92,87,91,78,57,Diploma,A
83,82,82,84,190,Arts,A
80,75,79,77,161,Diploma,A
63,66,62,67,159,Diploma,A
64,60,63,74,91,Arts,A
54,52,53,51,166,Diploma,A
84,80,83,80,170,Diploma,A
73,68,72,66,61,Diploma,A
80,83,79,83,124,Diploma,A
56,52,55,55,52,Commerce,A
59,51,58,43,147,Arts,A
75,74,74,69,130,Arts,A
85,76,84,71,130,Diploma,A
89,76,88,74,54,Diploma,A
58,70,57,68,124,Diploma,A
65,64,64,62,145,Diploma,A
68,60,67,53,84,Diploma,A
47,49,46,49,136,Arts,A
71,83,70,83,104,Diploma,A
60,70,59,70,158,Diploma,A
80,80,79,72,141,Commerce,A
54,52,53,52,159,Diploma,A
62,73,61,70,131,Commerce,A
64,73,63,68,189,Diploma,A
78,77,77,77,99,Commerce,A
70,75,69,78,189,Diploma,A
65,81,64,81,123,Diploma,A
64,79,63,77,161,Arts,A
79,79,78,78,61,Diploma,A
44,50,43,51,83,Diploma,A
99,93,98,90,175,Arts,A
76,73,75,68,108,Arts,A
59,42,58,41,119,Diploma,A
63,75,62,81,56,Diploma,A
69,72,68,77,189,Diploma,A
88,92,87,95,179,Arts,A
71,76,70,70,58,Diploma,A
69,63,68,61,172,Diploma,A
58,49,57,42,200,Diploma,A
47,53,46,58,102,Commerce,A
65,70,64,71,167,Diploma,A
88,85,87,76,112,Arts,A
83,78,82,73,113,Diploma,A
85,92,84,93,95,Diploma,A
59,63,58,75,118,Science,A
65,86,64,80,162,Diploma,A
73,56,72,57,64,Diploma,A
53,52,52,42,77,Arts,A
45,48,44,46,88,Arts,A
73,79,72,84,159,Diploma,A
70,78,69,78,143,Arts,A
37,46,36,46,136,Commerce,A
81,82,80,82,90,Diploma,A
97,82,96,88,192,Diploma,A
67,89,66,82,93,Diploma,A
88,75,87,76,97,Commerce,A
77,76,76,77,108,Diploma,A
76,70,75,68,186,Arts,A
86,73,85,70,76,Arts,A
63,60,62,57,58,Arts,A
65,73,64,75,118,Arts,A
78,77,77,80,176,Diploma,A
67,62,66,60,92,Commerce,A
46,41,45,43,125,Diploma,A
71,74,70,68,123,Commerce,A
40,46,39,50,78,Diploma,A
90,87,89,75,65,Diploma,A
81,78,80,81,162,Commerce,A
56,54,55,52,94,Diploma,A
67,84,66,81,61,Arts,A
80,76,79,64,152,Diploma,A
74,75,73,83,75,Arts,A
69,67,68,69,156,Diploma,A
99,87,98,81,91,Diploma,A
51,52,50,44,155,Diploma,A
53,71,52,67,73,Diploma,A
49,57,48,52,77,Commerce,A
73,76,72,80,190,Arts,A
66,60,65,57,194,Diploma,A
67,61,66,68,187,Arts,A
68,67,67,69,131,Diploma,A
59,64,58,75,59,Arts,A
71,66,70,65,50,Arts,A
77,82,76,91,137,Diploma,A
83,72,82,78,51,Arts,A
63,71,62,69,189,Diploma,A
56,65,55,63,199,Diploma,A
67,79,66,84,59,Diploma,A
75,86,74,79,180,Arts,A
71,81,70,80,175,Diploma,A
43,53,42,53,82,Arts,A
41,46,40,43,121,Arts,A
82,90,81,94,141,Diploma,A
61,61,60,62,160,Diploma,A
28,23,27,19,97,Arts,A
82,75,81,77,91,Diploma,A
41,55,40,51,128,Diploma,A
71,60,70,61,172,Commerce,A
47,37,46,35,63,Arts,A
62,56,61,53,73,Arts,A
90,78,89,81,199,Arts,A
83,93,82,95,194,Commerce,A
61,68,60,66,151,Arts,A
76,70,75,69,187,Diploma,A
49,51,48,43,54,Arts,A
24,38,23,27,187,Commerce,A
35,55,34,60,197,Diploma,A
58,61,57,52,200,Diploma,A
61,73,60,63,193,Diploma,A
69,76,68,74,199,Arts,A
67,72,66,67,175,Arts,A
79,73,78,67,152,Diploma,A
72,80,71,75,164,Commerce,A
62,61,61,57,93,Diploma,A
77,94,76,95,169,Diploma,A
75,74,74,66,133,Diploma,A
87,74,86,76,173,Diploma,A
52,65,51,69,76,Diploma,A
66,57,65,52,193,Diploma,A
63,78,62,80,133,Commerce,A
46,58,45,57,90,Diploma,A
59,71,58,70,56,Arts,A
61,72,60,70,104,Diploma,A
63,61,62,61,175,Arts,A
42,66,41,69,118,Diploma,A
59,62,58,61,73,Diploma,A
80,90,79,89,109,Diploma,A
58,62,57,59,172,Arts,A
85,84,84,78,125,Arts,A
52,58,51,58,175,Diploma,A
27,34,26,32,97,Arts,A
59,60,58,58,139,Commerce,A
49,58,48,60,165,Diploma,A
69,58,68,53,92,Commerce,A
61,66,60,61,169,Diploma,A
44,64,43,58,95,Science,A
73,84,72,85,198,Diploma,A
84,77,83,71,187,Diploma,A
45,73,44,70,70,Arts,A
74,74,73,72,63,Diploma,A
82,97,81,96,86,Diploma,A
59,70,58,73,59,Arts,A
46,43,45,41,156,Diploma,A
80,90,79,82,164,Diploma,A
85,95,84,100,82,Diploma,A
71,83,70,77,78,Arts,A
66,64,65,62,146,Diploma,A
80,86,79,83,161,Diploma,A
87,100,86,95,105,Diploma,A
79,81,78,71,89,Science,A
38,49,37,45,128,Diploma,A
38,43,37,43,131,Commerce,A
67,76,66,75,189,Arts,A
64,73,63,70,53,Arts,A
57,78,56,67,100,Arts,A
62,64,61,64,161,Diploma,A
73,70,72,75,78,Science,A
73,67,72,59,164,Arts,A
77,68,76,77,172,Arts,A
76,67,75,67,50,Diploma,A
57,54,56,56,125,Arts,A
65,74,64,77,159,Diploma,A
48,45,47,41,95,Diploma,A
50,67,49,63,152,Diploma,A
85,89,84,95,93,Arts,A
74,63,73,57,99,Diploma,A
60,59,59,54,197,Diploma,A
59,54,58,67,136,Diploma,A
53,43,52,43,136,Diploma,A
49,65,48,55,200,Diploma,A
88,99,87,100,185,Arts,A
54,59,53,62,174,Arts,A
63,73,62,68,183,Commerce,A
65,65,64,63,103,Arts,A
82,80,81,77,112,Arts,A
52,57,51,56,62,Arts,A
87,84,86,85,125,Diploma,A
70,71,69,74,96,Diploma,A
84,83,83,78,144,Arts,A
71,66,70,60,106,Diploma,A
63,67,62,67,152,Arts,A
51,72,50,79,119,Arts,A
84,73,83,69,55,Diploma,A
71,74,70,68,133,Diploma,A
74,73,73,67,126,Arts,A
68,59,67,62,173,Diploma,A
57,56,56,54,116,Diploma,A
82,93,81,93,135,Arts,A
57,58,56,64,181,Diploma,A
47,58,46,67,130,Diploma,A
59,85,58,80,150,Arts,A
41,39,40,34,82,Diploma,A
62,67,61,62,90,Arts,A
86,83,85,86,144,Diploma,A
69,71,68,65,53,Arts,A
65,59,64,53,98,Commerce,A
68,63,67,54,133,Arts,A
64,66,63,59,159,Arts,A
61,72,60,70,141,Diploma,A
61,56,60,55,180,Diploma,A
47,59,46,50,138,Arts,A
73,66,72,66,98,Diploma,A
50,48,49,53,154,Arts,A
75,68,74,64,94,Commerce,A
75,66,74,73,152,Arts,A
70,56,69,51,170,Diploma,A
89,88,88,82,78,Diploma,A
67,81,66,79,169,Diploma,A
78,81,77,80,63,Diploma,A
59,73,58,69,168,Diploma,A
73,83,72,76,143,Arts,A
79,82,78,73,162,Diploma,A
67,74,66,77,129,Commerce,A
69,66,68,60,88,Commerce,A
86,81,85,80,118,Diploma,A
47,46,46,42,76,Arts,A
81,73,80,72,133,Arts,A
64,85,63,85,98,Diploma,A
100,92,99,97,88,Arts,A
65,77,64,74,161,Diploma,A
65,58,64,49,133,Diploma,A
53,61,52,62,133,Arts,A
37,56,36,47,85,Diploma,A
79,89,78,89,148,Diploma,A
53,54,52,48,199,Arts,A
100,100,99,100,176,Commerce,A
72,65,71,68,199,Diploma,A
53,58,52,55,54,Diploma,A
54,54,53,45,127,Arts,A
71,70,70,76,139,Diploma,A
77,90,76,91,182,Diploma,A
75,58,74,62,78,Arts,A
84,87,83,91,190,Arts,A
26,31,25,38,170,Diploma,A
72,67,71,65,98,Arts,A
77,88,76,85,116,Arts,A
91,74,90,76,63,Diploma,A
83,85,82,90,114,Diploma,A
63,69,62,74,109,Diploma,A
68,86,67,84,140,Diploma,A
59,67,58,61,103,Diploma,A
90,90,89,91,61,Diploma,A
71,76,70,83,94,Commerce,A
76,62,75,66,137,Arts,A
80,68,79,72,100,Arts,A
55,64,54,70,113,Diploma,A
76,71,75,67,187,Diploma,A
73,71,72,68,196,Arts,A
52,59,51,56,96,Diploma,A
68,68,67,61,196,Commerce,A
59,52,58,46,108,Commerce,A
49,52,48,54,75,Diploma,A
70,74,69,71,84,Commerce,A
61,47,60,56,152,Diploma,A
60,75,59,74,177,Arts,A
64,53,63,57,156,Arts,A
79,82,78,82,176,Diploma,A
65,85,64,76,174,Diploma,A
64,64,63,70,161,Arts,A
83,83,82,90,166,Diploma,A
81,88,80,90,74,Arts,A
54,64,53,68,105,Diploma,A
68,64,67,66,167,Arts,A
54,48,53,52,152,Diploma,A
59,78,58,76,80,Diploma,A
66,69,65,68,91,Diploma,A
76,71,75,72,88,Diploma,A
74,79,73,82,113,Arts,A
94,87,93,92,200,Diploma,A
63,61,62,54,101,Commerce,A
95,89,94,92,200,Diploma,A
40,59,39,54,199,Arts,A
82,82,81,80,130,Arts,A
68,70,67,66,173,Arts,A
55,59,54,54,187,Diploma,A
79,78,78,77,152,Arts,A
86,92,85,87,131,Arts,A
76,71,75,73,172,Diploma,A
64,50,63,43,197,Arts,A
62,49,61,52,90,Commerce,A
54,61,53,62,74,Arts,A
77,97,76,94,121,Arts,A
76,87,75,85,132,Diploma,A
74,89,73,84,155,Diploma,A
66,74,65,73,196,Diploma,A
66,78,65,78,100,Diploma,A
67,78,66,79,97,Diploma,A
71,49,70,52,126,Arts,A
91,86,90,84,65,Diploma,A
69,58,68,57,124,Arts,A
54,59,53,50,124,Diploma,A
53,52,52,49,106,Arts,A
68,60,67,59,163,Diploma,A
56,61,55,60,138,Arts,A
36,53,35,43,170,Diploma,A
29,41,28,47,154,Diploma,A
62,74,61,70,144,Commerce,A
68,67,67,73,83,Diploma,A
47,54,46,53,122,Diploma,A
62,61,61,58,118,Diploma,A
79,88,78,94,150,Arts,A
73,69,72,68,142,Arts,A
66,83,65,83,66,Diploma,A
51,60,50,58,174,Diploma,A
51,66,50,62,51,Arts,A
85,66,84,71,170,Diploma,A
97,92,96,86,188,Commerce,A
75,69,74,68,136,Diploma,A
79,82,78,80,108,Arts,A
81,77,80,79,199,Arts,A
82,95,81,89,191,Diploma,A
64,63,63,66,152,Diploma,A
78,83,77,80,97,Arts,A
92,100,91,97,86,Arts,A
72,67,71,64,184,Arts,A
62,67,61,64,184,Commerce,A
79,72,78,69,198,Commerce,A
79,76,78,65,124,Arts,A
87,90,86,88,99,Diploma,A
40,48,39,50,56,Arts,A
77,62,76,64,65,Diploma,A
53,45,52,40,119,Diploma,A
32,39,31,33,92,Diploma,A
55,72,54,79,63,Commerce,A
61,67,60,66,115,Commerce,A
53,70,52,70,150,Arts,A
73,66,72,62,81,Diploma,A
74,75,73,79,172,Arts,A
63,74,62,74,188,Diploma,A
96,90,95,92,129,Diploma,A
63,80,62,80,54,Commerce,A
48,51,47,46,149,Commerce,A
48,43,47,45,168,Diploma,A
92,100,91,100,161,Arts,A
61,71,60,78,50,Diploma,A
63,48,62,47,112,Arts,A
68,68,67,67,91,Diploma,A
71,75,70,70,158,Arts,A
91,96,90,92,113,Diploma,A
53,62,52,56,69,Diploma,A
50,66,49,64,124,Diploma,A
74,81,73,71,50,Diploma,A
40,55,39,53,116,Arts,A
61,51,60,52,162,Commerce,A
81,91,80,89,73,Arts,A
48,56,47,58,195,Arts,A
53,61,52,68,131,Diploma,A
81,97,80,96,122,Diploma,A
77,79,76,80,161,Commerce,A
63,73,62,78,165,Arts,A
73,75,72,80,161,Diploma,A
69,77,68,77,144,Arts,A
65,76,64,76,199,Arts,A
55,73,54,73,138,Diploma,A
44,63,43,62,160,Diploma,A
54,64,53,65,92,Arts,A
48,66,47,65,105,Arts,A
58,57,57,54,151,Diploma,A
71,62,70,50,64,Diploma,A
68,68,67,64,156,Commerce,A
74,76,73,73,197,Diploma,A
92,100,91,99,174,Commerce,A
56,79,55,72,130,Arts,A
30,24,29,15,200,Arts,A
53,54,52,48,164,Commerce,A
69,77,68,73,132,Diploma,A
65,82,64,81,75,Commerce,A
54,60,53,63,90,Diploma,A
29,29,28,30,52,Diploma,A
76,78,75,80,116,Arts,A
60,57,59,51,187,Commerce,A
84,89,83,90,197,Diploma,A
75,72,74,62,117,Arts,A
85,84,84,82,68,Arts,A
40,58,39,54,134,Commerce,A
61,64,60,62,142,Commerce,A
58,63,57,65,183,Diploma,A
69,60,68,63,132,Commerce,A
58,59,57,66,137,Diploma,A
94,90,93,91,123,Arts,A
65,77,64,74,125,Commerce,A
82,93,81,93,65,Diploma,A
60,68,59,72,168,Science,A
37,45,36,38,153,Commerce,A
88,78,87,83,72,Arts,A
95,81,94,84,199,Diploma,A
65,73,64,68,167,Commerce,A
35,61,34,54,104,Arts,A
62,63,61,56,77,Arts,A
58,51,57,52,183,Diploma,A
100,96,99,86,67,Arts,A
61,58,60,62,152,Arts,A
100,97,99,99,192,Diploma,A
69,70,68,63,96,Diploma,A
61,48,60,46,64,Diploma,A
49,57,48,46,179,Diploma,A
44,51,43,55,118,Diploma,A
67,64,66,70,184,Diploma,A
79,60,78,65,185,Arts,A
66,74,65,81,178,Diploma,A
75,88,74,85,121,Arts,A
84,84,83,80,83,Diploma,A
71,74,70,64,179,Commerce,A
67,80,66,81,96,Diploma,A
80,92,79,88,126,Diploma,A
86,76,85,74,54,Diploma,A
76,74,75,73,186,Commerce,A
41,52,40,51,125,Arts,A
74,88,73,90,79,Arts,A
72,81,71,79,120,Arts,A
74,79,73,80,177,Diploma,A
70,65,69,60,74,Commerce,A
65,81,64,81,119,Diploma,A
59,70,58,65,164,Diploma,A
64,62,63,68,75,Arts,A
50,53,49,55,164,Diploma,A
69,79,68,81,189,Diploma,A
51,56,50,53,160,Diploma,A
68,80,67,76,133,Diploma,A
85,86,84,98,185,Diploma,A
65,70,64,74,102,Science,A
73,79,72,79,147,Diploma,A
62,67,61,67,90,Diploma,A
77,67,76,64,136,Arts,A
69,66,68,61,149,Diploma,A
43,60,42,58,98,Diploma,A
90,87,89,85,137,Diploma,A
74,77,73,73,51,Arts,A
73,66,72,63,58,Arts,A
55,71,54,69,73,Diploma,A
65,69,64,67,197,Diploma,A
80,63,79,63,87,Diploma,A
50,60,49,60,192,Diploma,A
63,73,62,71,179,Diploma,A
77,85,76,87,133,Arts,A
73,74,72,61,191,Arts,A
81,72,80,77,67,Diploma,A
66,76,65,68,64,Diploma,A
52,57,51,50,108,Commerce,A
69,78,68,76,101,Diploma,A
65,84,64,84,143,Diploma,A
69,77,68,78,182,Arts,A
50,64,49,66,147,Diploma,A
73,78,72,76,63,Diploma,A
70,82,69,76,153,Arts,A
